2026-08-24 09:29:49,564 INFO Found 2 PDFs in pdfs\raw
2026-08-24 09:29:49,564 ERROR   FAILED 01.04.26_NLDC_PSP_683.pdf: Cannot infer date from filename: 01.04.26_NLDC_PSP_683.pdf
Rename file as YYYY-MM-DD_NLDC_PSP.pdf or pass report_date.
2026-08-24 09:29:49,565 ERROR   FAILED 02.04.26_NLDC_PSP_939.pdf: Cannot infer date from filename: 02.04.26_NLDC_PSP_939.pdf
Rename file as YYYY-MM-DD_NLDC_PSP.pdf or pass report_date.
2026-08-24 09:29:49,565 INFO 
Done: 0 OK, 2 failed, 0 skipped
2026-08-24 09:30:18,504 INFO Found 2 PDFs in pdfs\raw
2026-08-24 09:30:18,507 ERROR   FAILED 01.04.26_NLDC_PSP.pdf: Cannot infer date from filename: 01.04.26_NLDC_PSP.pdf
Rename file as YYYY-MM-DD_NLDC_PSP.pdf or pass report_date.
2026-08-24 09:30:18,507 ERROR   FAILED 02.04.26_NLDC_PSP.pdf: Cannot infer date from filename: 02.04.26_NLDC_PSP.pdf
Rename file as YYYY-MM-DD_NLDC_PSP.pdf or pass report_date.
2026-08-24 09:30:18,507 INFO 
Done: 0 OK, 2 failed, 0 skipped
2026-08-24 09:31:08,485 INFO Found 2 PDFs in pdfs\raw
2026-08-24 09:31:08,487 ERROR   FAILED 01-04-26_NLDC_PSP.pdf: Cannot infer date from filename: 01-04-26_NLDC_PSP.pdf
Rename file as YYYY-MM-DD_NLDC_PSP.pdf or pass report_date.
2026-08-24 09:31:08,487 ERROR   FAILED 02-04-26_NLDC_PSP.pdf: Cannot infer date from filename: 02-04-26_NLDC_PSP.pdf
Rename file as YYYY-MM-DD_NLDC_PSP.pdf or pass report_date.
2026-08-24 09:31:08,487 INFO 
Done: 0 OK, 2 failed, 0 skipped
2026-08-24 09:31:58,122 INFO Found 2 PDFs in pdfs\raw
2026-08-24 09:31:59,813 INFO   PARSED 2026-04-01: 0 SCADA rows, 39 states, 47 summary fields
2026-08-24 09:31:59,813 INFO   DRY RUN — not loading to Supabase
2026-08-24 09:32:01,467 INFO   PARSED 2026-04-02: 0 SCADA rows, 39 states, 47 summary fields
2026-08-24 09:32:01,467 INFO   DRY RUN — not loading to Supabase
2026-08-24 09:32:01,467 INFO 
Done: 2 OK, 0 failed, 0 skipped
2026-08-24 09:37:18,651 INFO Found 2 PDFs in pdfs\raw
2026-08-24 09:37:20,342 INFO   PARSED 2026-04-01: 96 SCADA rows, 39 states, 66 summary fields
2026-08-24 09:37:20,343 INFO   DRY RUN — not loading to Supabase
2026-08-24 09:37:21,983 INFO   PARSED 2026-04-02: 96 SCADA rows, 39 states, 66 summary fields
2026-08-24 09:37:21,983 INFO   DRY RUN — not loading to Supabase
2026-08-24 09:37:21,985 INFO 
Done: 2 OK, 0 failed, 0 skipped
2026-08-24 09:40:34,660 INFO Found 2 PDFs in pdfs\raw
2026-08-24 09:40:36,414 INFO   PARSED 2026-04-01: 96 SCADA rows, 39 states, 66 summary fields
2026-08-24 09:40:36,414 INFO   DRY RUN — not loading to Supabase
2026-08-24 09:40:38,067 INFO   PARSED 2026-04-02: 96 SCADA rows, 39 states, 66 summary fields
2026-08-24 09:40:38,067 INFO   DRY RUN — not loading to Supabase
2026-08-24 09:40:38,067 INFO 
Done: 2 OK, 0 failed, 0 skipped
2026-08-24 09:41:09,347 INFO Found 2 PDFs in pdfs\raw
2026-08-24 09:41:11,014 INFO   PARSED 2026-04-01: 96 SCADA rows, 39 states, 66 summary fields
2026-08-24 09:41:11,014 ERROR   FAILED 2026-04-01_NLDC_PSP.pdf: 'SUPABASE_URL'
2026-08-24 09:41:12,672 INFO   PARSED 2026-04-02: 96 SCADA rows, 39 states, 66 summary fields
2026-08-24 09:41:12,672 ERROR   FAILED 2026-04-02_NLDC_PSP.pdf: 'SUPABASE_URL'
2026-08-24 09:41:12,672 INFO 
Done: 0 OK, 2 failed, 0 skipped
2026-08-24 09:43:14,598 INFO Found 2 PDFs in pdfs\raw
2026-08-24 09:43:16,281 INFO   PARSED 2026-04-01: 96 SCADA rows, 39 states, 66 summary fields
2026-08-24 09:43:16,281 ERROR   FAILED 2026-04-01_NLDC_PSP.pdf: 'SUPABASE_URL'
2026-08-24 09:43:17,917 INFO   PARSED 2026-04-02: 96 SCADA rows, 39 states, 66 summary fields
2026-08-24 09:43:17,917 ERROR   FAILED 2026-04-02_NLDC_PSP.pdf: 'SUPABASE_URL'
2026-08-24 09:43:17,917 INFO 
Done: 0 OK, 2 failed, 0 skipped
2026-08-24 09:44:16,227 INFO Found 2 PDFs in pdfs\raw
2026-08-24 09:44:17,909 INFO   PARSED 2026-04-01: 96 SCADA rows, 39 states, 66 summary fields
2026-08-24 09:44:17,910 ERROR   FAILED 2026-04-01_NLDC_PSP.pdf: 'SUPABASE_URL'
2026-08-24 09:44:19,573 INFO   PARSED 2026-04-02: 96 SCADA rows, 39 states, 66 summary fields
2026-08-24 09:44:19,575 ERROR   FAILED 2026-04-02_NLDC_PSP.pdf: 'SUPABASE_URL'
2026-08-24 09:44:19,575 INFO 
Done: 0 OK, 2 failed, 0 skipped
2026-08-24 09:45:02,972 INFO Found 2 PDFs in pdfs\raw
2026-08-24 09:45:04,672 INFO   PARSED 2026-04-01: 96 SCADA rows, 39 states, 66 summary fields
2026-08-24 09:45:04,672 ERROR   FAILED 2026-04-01_NLDC_PSP.pdf: 'SUPABASE_URL'
2026-08-24 09:45:06,350 INFO   PARSED 2026-04-02: 96 SCADA rows, 39 states, 66 summary fields
2026-08-24 09:45:06,350 ERROR   FAILED 2026-04-02_NLDC_PSP.pdf: 'SUPABASE_URL'
2026-08-24 09:45:06,350 INFO 
Done: 0 OK, 2 failed, 0 skipped
2026-08-24 09:49:00,954 INFO Found 2 PDFs in pdfs\raw
2026-08-24 09:49:02,634 INFO   PARSED 2026-04-01: 96 SCADA rows, 39 states, 66 summary fields
2026-08-24 09:49:04,622 INFO HTTP Request: POST https://iiutxlcayvswjhqgxibd.supabase.co/rest/v1/daily_summary?on_conflict=report_date "HTTP/2 403 Forbidden"
2026-08-24 09:49:04,624 ERROR   FAILED 2026-04-01_NLDC_PSP.pdf: {'message': 'permission denied for schema nldc', 'code': '42501', 'hint': None, 'details': None}
2026-08-24 09:49:06,304 INFO   PARSED 2026-04-02: 96 SCADA rows, 39 states, 66 summary fields
2026-08-24 09:49:07,329 INFO HTTP Request: POST https://iiutxlcayvswjhqgxibd.supabase.co/rest/v1/daily_summary?on_conflict=report_date "HTTP/2 403 Forbidden"
2026-08-24 09:49:07,329 ERROR   FAILED 2026-04-02_NLDC_PSP.pdf: {'message': 'permission denied for schema nldc', 'code': '42501', 'hint': None, 'details': None}
2026-08-24 09:49:07,330 INFO 
Done: 0 OK, 2 failed, 0 skipped
2026-08-24 09:50:11,351 INFO Found 2 PDFs in pdfs\raw
2026-08-24 09:50:13,034 INFO   PARSED 2026-04-01: 96 SCADA rows, 39 states, 66 summary fields
2026-08-24 09:50:14,971 INFO HTTP Request: POST https://iiutxlcayvswjhqgxibd.supabase.co/rest/v1/daily_summary?on_conflict=report_date "HTTP/2 201 Created"
2026-08-24 09:50:15,907 INFO HTTP Request: POST https://iiutxlcayvswjhqgxibd.supabase.co/rest/v1/scada_15min?on_conflict=report_date%2Ctime_block&columns=%22thermal_mw%22%2C%22report_date%22%2C%22storage_demand_mw%22%2C%22wind_mw%22%2C%22gas_mw%22%2C%22total_gen_mw%22%2C%22demand_mw%22%2C%22solar_mw%22%2C%22storage_discharge_mw%22%2C%22time_block%22%2C%22others_mw%22%2C%22net_demand_mw%22%2C%22frequency_hz%22%2C%22nuclear_mw%22%2C%22transnational_mw%22%2C%22hydro_mw%22 "HTTP/2 201 Created"
2026-08-24 09:50:16,781 INFO HTTP Request: POST https://iiutxlcayvswjhqgxibd.supabase.co/rest/v1/scada_15min?on_conflict=report_date%2Ctime_block&columns=%22thermal_mw%22%2C%22report_date%22%2C%22storage_demand_mw%22%2C%22wind_mw%22%2C%22gas_mw%22%2C%22total_gen_mw%22%2C%22demand_mw%22%2C%22solar_mw%22%2C%22storage_discharge_mw%22%2C%22time_block%22%2C%22others_mw%22%2C%22net_demand_mw%22%2C%22frequency_hz%22%2C%22nuclear_mw%22%2C%22transnational_mw%22%2C%22hydro_mw%22 "HTTP/2 201 Created"
2026-08-24 09:50:17,315 INFO HTTP Request: POST https://iiutxlcayvswjhqgxibd.supabase.co/rest/v1/state_daily?on_conflict=report_date%2Cstate&columns=%22drawal_schedule_mu%22%2C%22energy_shortage_mu%22%2C%22state%22%2C%22report_date%22%2C%22energy_met_mu%22%2C%22max_od_mw%22%2C%22od_ud_mu%22%2C%22shortage_peak_mw%22%2C%22peak_demand_mw%22%2C%22region%22%2C%22max_ud_mw%22 "HTTP/2 201 Created"
2026-08-24 09:50:19,002 INFO   PARSED 2026-04-02: 96 SCADA rows, 39 states, 66 summary fields
2026-08-24 09:50:20,057 INFO HTTP Request: POST https://iiutxlcayvswjhqgxibd.supabase.co/rest/v1/daily_summary?on_conflict=report_date "HTTP/2 201 Created"
2026-08-24 09:50:20,643 INFO HTTP Request: POST https://iiutxlcayvswjhqgxibd.supabase.co/rest/v1/scada_15min?on_conflict=report_date%2Ctime_block&columns=%22thermal_mw%22%2C%22report_date%22%2C%22storage_demand_mw%22%2C%22wind_mw%22%2C%22gas_mw%22%2C%22total_gen_mw%22%2C%22demand_mw%22%2C%22solar_mw%22%2C%22storage_discharge_mw%22%2C%22time_block%22%2C%22others_mw%22%2C%22net_demand_mw%22%2C%22frequency_hz%22%2C%22nuclear_mw%22%2C%22transnational_mw%22%2C%22hydro_mw%22 "HTTP/2 201 Created"
2026-08-24 09:50:21,223 INFO HTTP Request: POST https://iiutxlcayvswjhqgxibd.supabase.co/rest/v1/scada_15min?on_conflict=report_date%2Ctime_block&columns=%22thermal_mw%22%2C%22report_date%22%2C%22storage_demand_mw%22%2C%22wind_mw%22%2C%22gas_mw%22%2C%22total_gen_mw%22%2C%22demand_mw%22%2C%22solar_mw%22%2C%22storage_discharge_mw%22%2C%22time_block%22%2C%22others_mw%22%2C%22net_demand_mw%22%2C%22frequency_hz%22%2C%22nuclear_mw%22%2C%22transnational_mw%22%2C%22hydro_mw%22 "HTTP/2 201 Created"
2026-08-24 09:50:21,789 INFO HTTP Request: POST https://iiutxlcayvswjhqgxibd.supabase.co/rest/v1/state_daily?on_conflict=report_date%2Cstate&columns=%22drawal_schedule_mu%22%2C%22energy_shortage_mu%22%2C%22state%22%2C%22report_date%22%2C%22energy_met_mu%22%2C%22max_od_mw%22%2C%22od_ud_mu%22%2C%22shortage_peak_mw%22%2C%22peak_demand_mw%22%2C%22region%22%2C%22max_ud_mw%22 "HTTP/2 201 Created"
2026-08-24 09:50:21,795 INFO 
Done: 2 OK, 0 failed, 0 skipped
2026-08-24 10:00:06,779 INFO Found 6 PDFs in pdfs\raw
2026-08-24 10:00:06,780 ERROR   FAILED 03-04-26_NLDC_PSP.pdf: Cannot infer date from: 03-04-26_NLDC_PSP.pdf
Rename as YYYY-MM-DD_NLDC_PSP.pdf or pass report_date.
2026-08-24 10:00:06,780 ERROR   FAILED 04-04-26_NLDC_PSP.pdf: Cannot infer date from: 04-04-26_NLDC_PSP.pdf
Rename as YYYY-MM-DD_NLDC_PSP.pdf or pass report_date.
2026-08-24 10:00:06,780 ERROR   FAILED 05-04-26_NLDC_PSP.pdf: Cannot infer date from: 05-04-26_NLDC_PSP.pdf
Rename as YYYY-MM-DD_NLDC_PSP.pdf or pass report_date.
2026-08-24 10:00:06,780 ERROR   FAILED 06-04-26_NLDC_PSP.pdf: Cannot infer date from: 06-04-26_NLDC_PSP.pdf
Rename as YYYY-MM-DD_NLDC_PSP.pdf or pass report_date.
2026-08-24 10:00:06,781 ERROR   FAILED 07-04-26_NLDC_PSP.pdf: Cannot infer date from: 07-04-26_NLDC_PSP.pdf
Rename as YYYY-MM-DD_NLDC_PSP.pdf or pass report_date.
2026-08-24 10:00:06,781 ERROR   FAILED 08-04-26_NLDC_PSP.pdf: Cannot infer date from: 08-04-26_NLDC_PSP.pdf
Rename as YYYY-MM-DD_NLDC_PSP.pdf or pass report_date.
2026-08-24 10:00:06,781 INFO 
Done: 0 OK, 6 failed, 0 skipped
2026-08-24 10:01:19,053 INFO Found 6 PDFs in pdfs\raw
2026-08-24 10:01:20,712 INFO   PARSED 2026-04-03: 96 SCADA rows, 39 states, 66 summary fields
2026-08-24 10:01:20,713 INFO   DRY RUN — not loading to Supabase
2026-08-24 10:01:22,410 INFO   PARSED 2026-04-04: 96 SCADA rows, 39 states, 66 summary fields
2026-08-24 10:01:22,410 INFO   DRY RUN — not loading to Supabase
2026-08-24 10:01:24,051 INFO   PARSED 2026-04-05: 96 SCADA rows, 39 states, 66 summary fields
2026-08-24 10:01:24,051 INFO   DRY RUN — not loading to Supabase
2026-08-24 10:01:25,698 INFO   PARSED 2026-04-06: 96 SCADA rows, 39 states, 66 summary fields
2026-08-24 10:01:25,699 INFO   DRY RUN — not loading to Supabase
2026-08-24 10:01:27,367 INFO   PARSED 2026-04-07: 96 SCADA rows, 39 states, 66 summary fields
2026-08-24 10:01:27,367 INFO   DRY RUN — not loading to Supabase
2026-08-24 10:01:28,987 INFO   PARSED 2026-04-08: 96 SCADA rows, 39 states, 66 summary fields
2026-08-24 10:01:28,987 INFO   DRY RUN — not loading to Supabase
2026-08-24 10:01:28,987 INFO 
Done: 6 OK, 0 failed, 0 skipped
2026-08-24 10:01:34,504 INFO Found 6 PDFs in pdfs\raw
2026-08-24 10:01:36,210 INFO   PARSED 2026-04-03: 96 SCADA rows, 39 states, 66 summary fields
2026-08-24 10:01:37,748 INFO HTTP Request: POST https://iiutxlcayvswjhqgxibd.supabase.co/rest/v1/daily_summary?on_conflict=report_date "HTTP/2 201 Created"
2026-08-24 10:01:38,358 INFO HTTP Request: POST https://iiutxlcayvswjhqgxibd.supabase.co/rest/v1/scada_15min?on_conflict=report_date%2Ctime_block&columns=%22gas_mw%22%2C%22others_mw%22%2C%22time_block%22%2C%22nuclear_mw%22%2C%22frequency_hz%22%2C%22demand_mw%22%2C%22storage_discharge_mw%22%2C%22report_date%22%2C%22hydro_mw%22%2C%22thermal_mw%22%2C%22transnational_mw%22%2C%22wind_mw%22%2C%22solar_mw%22%2C%22net_demand_mw%22%2C%22total_gen_mw%22%2C%22storage_demand_mw%22 "HTTP/2 201 Created"
2026-08-24 10:01:38,966 INFO HTTP Request: POST https://iiutxlcayvswjhqgxibd.supabase.co/rest/v1/scada_15min?on_conflict=report_date%2Ctime_block&columns=%22gas_mw%22%2C%22others_mw%22%2C%22time_block%22%2C%22nuclear_mw%22%2C%22frequency_hz%22%2C%22demand_mw%22%2C%22storage_discharge_mw%22%2C%22report_date%22%2C%22hydro_mw%22%2C%22thermal_mw%22%2C%22transnational_mw%22%2C%22wind_mw%22%2C%22solar_mw%22%2C%22net_demand_mw%22%2C%22total_gen_mw%22%2C%22storage_demand_mw%22 "HTTP/2 201 Created"
2026-08-24 10:01:39,564 INFO HTTP Request: POST https://iiutxlcayvswjhqgxibd.supabase.co/rest/v1/state_daily?on_conflict=report_date%2Cstate&columns=%22shortage_peak_mw%22%2C%22max_ud_mw%22%2C%22region%22%2C%22max_od_mw%22%2C%22report_date%22%2C%22drawal_schedule_mu%22%2C%22od_ud_mu%22%2C%22peak_demand_mw%22%2C%22energy_shortage_mu%22%2C%22state%22%2C%22energy_met_mu%22 "HTTP/2 201 Created"
2026-08-24 10:01:41,231 INFO   PARSED 2026-04-04: 96 SCADA rows, 39 states, 66 summary fields
2026-08-24 10:01:42,294 INFO HTTP Request: POST https://iiutxlcayvswjhqgxibd.supabase.co/rest/v1/daily_summary?on_conflict=report_date "HTTP/2 201 Created"
2026-08-24 10:01:42,901 INFO HTTP Request: POST https://iiutxlcayvswjhqgxibd.supabase.co/rest/v1/scada_15min?on_conflict=report_date%2Ctime_block&columns=%22gas_mw%22%2C%22others_mw%22%2C%22time_block%22%2C%22nuclear_mw%22%2C%22frequency_hz%22%2C%22demand_mw%22%2C%22storage_discharge_mw%22%2C%22report_date%22%2C%22hydro_mw%22%2C%22thermal_mw%22%2C%22transnational_mw%22%2C%22wind_mw%22%2C%22solar_mw%22%2C%22net_demand_mw%22%2C%22total_gen_mw%22%2C%22storage_demand_mw%22 "HTTP/2 201 Created"
2026-08-24 10:01:43,833 INFO HTTP Request: POST https://iiutxlcayvswjhqgxibd.supabase.co/rest/v1/scada_15min?on_conflict=report_date%2Ctime_block&columns=%22gas_mw%22%2C%22others_mw%22%2C%22time_block%22%2C%22nuclear_mw%22%2C%22frequency_hz%22%2C%22demand_mw%22%2C%22storage_discharge_mw%22%2C%22report_date%22%2C%22hydro_mw%22%2C%22thermal_mw%22%2C%22transnational_mw%22%2C%22wind_mw%22%2C%22solar_mw%22%2C%22net_demand_mw%22%2C%22total_gen_mw%22%2C%22storage_demand_mw%22 "HTTP/2 201 Created"
2026-08-24 10:01:44,407 INFO HTTP Request: POST https://iiutxlcayvswjhqgxibd.supabase.co/rest/v1/state_daily?on_conflict=report_date%2Cstate&columns=%22shortage_peak_mw%22%2C%22max_ud_mw%22%2C%22region%22%2C%22max_od_mw%22%2C%22report_date%22%2C%22drawal_schedule_mu%22%2C%22od_ud_mu%22%2C%22peak_demand_mw%22%2C%22energy_shortage_mu%22%2C%22state%22%2C%22energy_met_mu%22 "HTTP/2 201 Created"
2026-08-24 10:01:46,088 INFO   PARSED 2026-04-05: 96 SCADA rows, 39 states, 66 summary fields
2026-08-24 10:01:47,106 INFO HTTP Request: POST https://iiutxlcayvswjhqgxibd.supabase.co/rest/v1/daily_summary?on_conflict=report_date "HTTP/2 201 Created"
2026-08-24 10:01:47,719 INFO HTTP Request: POST https://iiutxlcayvswjhqgxibd.supabase.co/rest/v1/scada_15min?on_conflict=report_date%2Ctime_block&columns=%22gas_mw%22%2C%22others_mw%22%2C%22time_block%22%2C%22nuclear_mw%22%2C%22frequency_hz%22%2C%22demand_mw%22%2C%22storage_discharge_mw%22%2C%22report_date%22%2C%22hydro_mw%22%2C%22thermal_mw%22%2C%22transnational_mw%22%2C%22wind_mw%22%2C%22solar_mw%22%2C%22net_demand_mw%22%2C%22total_gen_mw%22%2C%22storage_demand_mw%22 "HTTP/2 201 Created"
2026-08-24 10:01:48,297 INFO HTTP Request: POST https://iiutxlcayvswjhqgxibd.supabase.co/rest/v1/scada_15min?on_conflict=report_date%2Ctime_block&columns=%22gas_mw%22%2C%22others_mw%22%2C%22time_block%22%2C%22nuclear_mw%22%2C%22frequency_hz%22%2C%22demand_mw%22%2C%22storage_discharge_mw%22%2C%22report_date%22%2C%22hydro_mw%22%2C%22thermal_mw%22%2C%22transnational_mw%22%2C%22wind_mw%22%2C%22solar_mw%22%2C%22net_demand_mw%22%2C%22total_gen_mw%22%2C%22storage_demand_mw%22 "HTTP/2 201 Created"
2026-08-24 10:01:48,902 INFO HTTP Request: POST https://iiutxlcayvswjhqgxibd.supabase.co/rest/v1/state_daily?on_conflict=report_date%2Cstate&columns=%22shortage_peak_mw%22%2C%22max_ud_mw%22%2C%22region%22%2C%22max_od_mw%22%2C%22report_date%22%2C%22drawal_schedule_mu%22%2C%22od_ud_mu%22%2C%22peak_demand_mw%22%2C%22energy_shortage_mu%22%2C%22state%22%2C%22energy_met_mu%22 "HTTP/2 201 Created"
2026-08-24 10:01:50,615 INFO   PARSED 2026-04-06: 96 SCADA rows, 39 states, 66 summary fields
2026-08-24 10:01:51,615 INFO HTTP Request: POST https://iiutxlcayvswjhqgxibd.supabase.co/rest/v1/daily_summary?on_conflict=report_date "HTTP/2 201 Created"
2026-08-24 10:01:52,222 INFO HTTP Request: POST https://iiutxlcayvswjhqgxibd.supabase.co/rest/v1/scada_15min?on_conflict=report_date%2Ctime_block&columns=%22gas_mw%22%2C%22others_mw%22%2C%22time_block%22%2C%22nuclear_mw%22%2C%22frequency_hz%22%2C%22demand_mw%22%2C%22storage_discharge_mw%22%2C%22report_date%22%2C%22hydro_mw%22%2C%22thermal_mw%22%2C%22transnational_mw%22%2C%22wind_mw%22%2C%22solar_mw%22%2C%22net_demand_mw%22%2C%22total_gen_mw%22%2C%22storage_demand_mw%22 "HTTP/2 201 Created"
2026-08-24 10:01:52,806 INFO HTTP Request: POST https://iiutxlcayvswjhqgxibd.supabase.co/rest/v1/scada_15min?on_conflict=report_date%2Ctime_block&columns=%22gas_mw%22%2C%22others_mw%22%2C%22time_block%22%2C%22nuclear_mw%22%2C%22frequency_hz%22%2C%22demand_mw%22%2C%22storage_discharge_mw%22%2C%22report_date%22%2C%22hydro_mw%22%2C%22thermal_mw%22%2C%22transnational_mw%22%2C%22wind_mw%22%2C%22solar_mw%22%2C%22net_demand_mw%22%2C%22total_gen_mw%22%2C%22storage_demand_mw%22 "HTTP/2 201 Created"
2026-08-24 10:01:53,392 INFO HTTP Request: POST https://iiutxlcayvswjhqgxibd.supabase.co/rest/v1/state_daily?on_conflict=report_date%2Cstate&columns=%22shortage_peak_mw%22%2C%22max_ud_mw%22%2C%22region%22%2C%22max_od_mw%22%2C%22report_date%22%2C%22drawal_schedule_mu%22%2C%22od_ud_mu%22%2C%22peak_demand_mw%22%2C%22energy_shortage_mu%22%2C%22state%22%2C%22energy_met_mu%22 "HTTP/2 201 Created"
2026-08-24 10:01:55,066 INFO   PARSED 2026-04-07: 96 SCADA rows, 39 states, 66 summary fields
2026-08-24 10:01:56,092 INFO HTTP Request: POST https://iiutxlcayvswjhqgxibd.supabase.co/rest/v1/daily_summary?on_conflict=report_date "HTTP/2 201 Created"
2026-08-24 10:01:56,706 INFO HTTP Request: POST https://iiutxlcayvswjhqgxibd.supabase.co/rest/v1/scada_15min?on_conflict=report_date%2Ctime_block&columns=%22gas_mw%22%2C%22others_mw%22%2C%22time_block%22%2C%22nuclear_mw%22%2C%22frequency_hz%22%2C%22demand_mw%22%2C%22storage_discharge_mw%22%2C%22report_date%22%2C%22hydro_mw%22%2C%22thermal_mw%22%2C%22transnational_mw%22%2C%22wind_mw%22%2C%22solar_mw%22%2C%22net_demand_mw%22%2C%22total_gen_mw%22%2C%22storage_demand_mw%22 "HTTP/2 201 Created"
2026-08-24 10:01:57,328 INFO HTTP Request: POST https://iiutxlcayvswjhqgxibd.supabase.co/rest/v1/scada_15min?on_conflict=report_date%2Ctime_block&columns=%22gas_mw%22%2C%22others_mw%22%2C%22time_block%22%2C%22nuclear_mw%22%2C%22frequency_hz%22%2C%22demand_mw%22%2C%22storage_discharge_mw%22%2C%22report_date%22%2C%22hydro_mw%22%2C%22thermal_mw%22%2C%22transnational_mw%22%2C%22wind_mw%22%2C%22solar_mw%22%2C%22net_demand_mw%22%2C%22total_gen_mw%22%2C%22storage_demand_mw%22 "HTTP/2 201 Created"
2026-08-24 10:01:57,888 INFO HTTP Request: POST https://iiutxlcayvswjhqgxibd.supabase.co/rest/v1/state_daily?on_conflict=report_date%2Cstate&columns=%22shortage_peak_mw%22%2C%22max_ud_mw%22%2C%22region%22%2C%22max_od_mw%22%2C%22report_date%22%2C%22drawal_schedule_mu%22%2C%22od_ud_mu%22%2C%22peak_demand_mw%22%2C%22energy_shortage_mu%22%2C%22state%22%2C%22energy_met_mu%22 "HTTP/2 201 Created"
2026-08-24 10:01:59,622 INFO   PARSED 2026-04-08: 96 SCADA rows, 39 states, 66 summary fields
2026-08-24 10:02:00,642 INFO HTTP Request: POST https://iiutxlcayvswjhqgxibd.supabase.co/rest/v1/daily_summary?on_conflict=report_date "HTTP/2 201 Created"
2026-08-24 10:02:01,365 INFO HTTP Request: POST https://iiutxlcayvswjhqgxibd.supabase.co/rest/v1/scada_15min?on_conflict=report_date%2Ctime_block&columns=%22gas_mw%22%2C%22others_mw%22%2C%22time_block%22%2C%22nuclear_mw%22%2C%22frequency_hz%22%2C%22demand_mw%22%2C%22storage_discharge_mw%22%2C%22report_date%22%2C%22hydro_mw%22%2C%22thermal_mw%22%2C%22transnational_mw%22%2C%22wind_mw%22%2C%22solar_mw%22%2C%22net_demand_mw%22%2C%22total_gen_mw%22%2C%22storage_demand_mw%22 "HTTP/2 201 Created"
2026-08-24 10:02:01,962 INFO HTTP Request: POST https://iiutxlcayvswjhqgxibd.supabase.co/rest/v1/scada_15min?on_conflict=report_date%2Ctime_block&columns=%22gas_mw%22%2C%22others_mw%22%2C%22time_block%22%2C%22nuclear_mw%22%2C%22frequency_hz%22%2C%22demand_mw%22%2C%22storage_discharge_mw%22%2C%22report_date%22%2C%22hydro_mw%22%2C%22thermal_mw%22%2C%22transnational_mw%22%2C%22wind_mw%22%2C%22solar_mw%22%2C%22net_demand_mw%22%2C%22total_gen_mw%22%2C%22storage_demand_mw%22 "HTTP/2 201 Created"
2026-08-24 10:02:02,510 INFO HTTP Request: POST https://iiutxlcayvswjhqgxibd.supabase.co/rest/v1/state_daily?on_conflict=report_date%2Cstate&columns=%22shortage_peak_mw%22%2C%22max_ud_mw%22%2C%22region%22%2C%22max_od_mw%22%2C%22report_date%22%2C%22drawal_schedule_mu%22%2C%22od_ud_mu%22%2C%22peak_demand_mw%22%2C%22energy_shortage_mu%22%2C%22state%22%2C%22energy_met_mu%22 "HTTP/2 201 Created"
2026-08-24 10:02:02,516 INFO 
Done: 6 OK, 0 failed, 0 skipped
2026-08-24 10:20:57,475 INFO Found 18 PDFs in pdfs\raw
2026-08-24 10:20:59,169 INFO   SKIP 2026-04-01 (already processed)
2026-08-24 10:21:00,879 INFO   SKIP 2026-04-02 (already processed)
2026-08-24 10:21:02,538 INFO   SKIP 2026-04-03 (already processed)
2026-08-24 10:21:04,181 INFO   SKIP 2026-04-04 (already processed)
2026-08-24 10:21:05,854 INFO   SKIP 2026-04-05 (already processed)
2026-08-24 10:21:07,523 INFO   SKIP 2026-04-06 (already processed)
2026-08-24 10:21:09,234 INFO   SKIP 2026-04-07 (already processed)
2026-08-24 10:21:10,897 INFO   SKIP 2026-04-08 (already processed)
2026-08-24 10:21:12,556 INFO   PARSED 2026-04-09: 96 SCADA rows, 39 states, 66 summary fields
2026-08-24 10:21:12,557 INFO   DRY RUN — not loading to Supabase
2026-08-24 10:21:14,214 INFO   PARSED 2026-04-10: 96 SCADA rows, 39 states, 66 summary fields
2026-08-24 10:21:14,215 INFO   DRY RUN — not loading to Supabase
2026-08-24 10:21:15,883 INFO   PARSED 2026-04-11: 96 SCADA rows, 39 states, 66 summary fields
2026-08-24 10:21:15,884 INFO   DRY RUN — not loading to Supabase
2026-08-24 10:21:17,541 INFO   PARSED 2026-04-12: 96 SCADA rows, 39 states, 66 summary fields
2026-08-24 10:21:17,541 INFO   DRY RUN — not loading to Supabase
2026-08-24 10:21:19,252 INFO   PARSED 2026-04-13: 96 SCADA rows, 39 states, 66 summary fields
2026-08-24 10:21:19,253 INFO   DRY RUN — not loading to Supabase
2026-08-24 10:21:20,919 INFO   PARSED 2026-04-14: 96 SCADA rows, 39 states, 66 summary fields
2026-08-24 10:21:20,920 INFO   DRY RUN — not loading to Supabase
2026-08-24 10:21:22,560 INFO   PARSED 2026-04-15: 96 SCADA rows, 39 states, 66 summary fields
2026-08-24 10:21:22,560 INFO   DRY RUN — not loading to Supabase
2026-08-24 10:21:24,233 INFO   PARSED 2026-04-16: 96 SCADA rows, 39 states, 66 summary fields
2026-08-24 10:21:24,233 INFO   DRY RUN — not loading to Supabase
2026-08-24 10:21:25,882 INFO   PARSED 2026-04-17: 96 SCADA rows, 39 states, 66 summary fields
2026-08-24 10:21:25,882 INFO   DRY RUN — not loading to Supabase
2026-08-24 10:21:27,625 INFO   PARSED 2026-04-18: 96 SCADA rows, 39 states, 66 summary fields
2026-08-24 10:21:27,625 INFO   DRY RUN — not loading to Supabase
2026-08-24 10:21:27,625 INFO 
Done: 18 OK, 0 failed, 0 skipped
2026-08-24 10:21:35,750 INFO Found 18 PDFs in pdfs\raw
2026-08-24 10:21:37,419 INFO   SKIP 2026-04-01 (already processed)
2026-08-24 10:21:39,108 INFO   SKIP 2026-04-02 (already processed)
2026-08-24 10:21:40,768 INFO   SKIP 2026-04-03 (already processed)
2026-08-24 10:21:42,421 INFO   SKIP 2026-04-04 (already processed)
2026-08-24 10:21:44,083 INFO   SKIP 2026-04-05 (already processed)
2026-08-24 10:21:45,737 INFO   SKIP 2026-04-06 (already processed)
2026-08-24 10:21:47,436 INFO   SKIP 2026-04-07 (already processed)
2026-08-24 10:21:49,104 INFO   SKIP 2026-04-08 (already processed)
2026-08-24 10:21:50,765 INFO   PARSED 2026-04-09: 96 SCADA rows, 39 states, 66 summary fields
2026-08-24 10:21:52,635 INFO HTTP Request: POST https://iiutxlcayvswjhqgxibd.supabase.co/rest/v1/daily_summary?on_conflict=report_date "HTTP/2 201 Created"
2026-08-24 10:21:53,231 INFO HTTP Request: POST https://iiutxlcayvswjhqgxibd.supabase.co/rest/v1/scada_15min?on_conflict=report_date%2Ctime_block&columns=%22time_block%22%2C%22transnational_mw%22%2C%22gas_mw%22%2C%22demand_mw%22%2C%22thermal_mw%22%2C%22net_demand_mw%22%2C%22frequency_hz%22%2C%22solar_mw%22%2C%22others_mw%22%2C%22storage_discharge_mw%22%2C%22wind_mw%22%2C%22nuclear_mw%22%2C%22total_gen_mw%22%2C%22storage_demand_mw%22%2C%22hydro_mw%22%2C%22report_date%22 "HTTP/2 201 Created"
2026-08-24 10:21:53,823 INFO HTTP Request: POST https://iiutxlcayvswjhqgxibd.supabase.co/rest/v1/scada_15min?on_conflict=report_date%2Ctime_block&columns=%22time_block%22%2C%22transnational_mw%22%2C%22gas_mw%22%2C%22demand_mw%22%2C%22thermal_mw%22%2C%22net_demand_mw%22%2C%22frequency_hz%22%2C%22solar_mw%22%2C%22others_mw%22%2C%22storage_discharge_mw%22%2C%22wind_mw%22%2C%22nuclear_mw%22%2C%22total_gen_mw%22%2C%22storage_demand_mw%22%2C%22hydro_mw%22%2C%22report_date%22 "HTTP/2 201 Created"
2026-08-24 10:21:54,754 INFO HTTP Request: POST https://iiutxlcayvswjhqgxibd.supabase.co/rest/v1/state_daily?on_conflict=report_date%2Cstate&columns=%22max_ud_mw%22%2C%22energy_shortage_mu%22%2C%22od_ud_mu%22%2C%22max_od_mw%22%2C%22state%22%2C%22energy_met_mu%22%2C%22drawal_schedule_mu%22%2C%22shortage_peak_mw%22%2C%22peak_demand_mw%22%2C%22region%22%2C%22report_date%22 "HTTP/2 201 Created"
2026-08-24 10:21:56,468 INFO   PARSED 2026-04-10: 96 SCADA rows, 39 states, 66 summary fields
2026-08-24 10:21:57,795 INFO HTTP Request: POST https://iiutxlcayvswjhqgxibd.supabase.co/rest/v1/daily_summary?on_conflict=report_date "HTTP/2 201 Created"
2026-08-24 10:21:58,349 INFO HTTP Request: POST https://iiutxlcayvswjhqgxibd.supabase.co/rest/v1/scada_15min?on_conflict=report_date%2Ctime_block&columns=%22time_block%22%2C%22transnational_mw%22%2C%22gas_mw%22%2C%22demand_mw%22%2C%22thermal_mw%22%2C%22net_demand_mw%22%2C%22frequency_hz%22%2C%22solar_mw%22%2C%22others_mw%22%2C%22storage_discharge_mw%22%2C%22wind_mw%22%2C%22nuclear_mw%22%2C%22total_gen_mw%22%2C%22storage_demand_mw%22%2C%22hydro_mw%22%2C%22report_date%22 "HTTP/2 201 Created"
2026-08-24 10:21:58,909 INFO HTTP Request: POST https://iiutxlcayvswjhqgxibd.supabase.co/rest/v1/scada_15min?on_conflict=report_date%2Ctime_block&columns=%22time_block%22%2C%22transnational_mw%22%2C%22gas_mw%22%2C%22demand_mw%22%2C%22thermal_mw%22%2C%22net_demand_mw%22%2C%22frequency_hz%22%2C%22solar_mw%22%2C%22others_mw%22%2C%22storage_discharge_mw%22%2C%22wind_mw%22%2C%22nuclear_mw%22%2C%22total_gen_mw%22%2C%22storage_demand_mw%22%2C%22hydro_mw%22%2C%22report_date%22 "HTTP/2 201 Created"
2026-08-24 10:21:59,453 INFO HTTP Request: POST https://iiutxlcayvswjhqgxibd.supabase.co/rest/v1/state_daily?on_conflict=report_date%2Cstate&columns=%22max_ud_mw%22%2C%22energy_shortage_mu%22%2C%22od_ud_mu%22%2C%22max_od_mw%22%2C%22state%22%2C%22energy_met_mu%22%2C%22drawal_schedule_mu%22%2C%22shortage_peak_mw%22%2C%22peak_demand_mw%22%2C%22region%22%2C%22report_date%22 "HTTP/2 201 Created"
2026-08-24 10:22:01,149 INFO   PARSED 2026-04-11: 96 SCADA rows, 39 states, 66 summary fields
2026-08-24 10:22:02,186 INFO HTTP Request: POST https://iiutxlcayvswjhqgxibd.supabase.co/rest/v1/daily_summary?on_conflict=report_date "HTTP/2 201 Created"
2026-08-24 10:22:03,076 INFO HTTP Request: POST https://iiutxlcayvswjhqgxibd.supabase.co/rest/v1/scada_15min?on_conflict=report_date%2Ctime_block&columns=%22time_block%22%2C%22transnational_mw%22%2C%22gas_mw%22%2C%22demand_mw%22%2C%22thermal_mw%22%2C%22net_demand_mw%22%2C%22frequency_hz%22%2C%22solar_mw%22%2C%22others_mw%22%2C%22storage_discharge_mw%22%2C%22wind_mw%22%2C%22nuclear_mw%22%2C%22total_gen_mw%22%2C%22storage_demand_mw%22%2C%22hydro_mw%22%2C%22report_date%22 "HTTP/2 201 Created"
2026-08-24 10:22:03,685 INFO HTTP Request: POST https://iiutxlcayvswjhqgxibd.supabase.co/rest/v1/scada_15min?on_conflict=report_date%2Ctime_block&columns=%22time_block%22%2C%22transnational_mw%22%2C%22gas_mw%22%2C%22demand_mw%22%2C%22thermal_mw%22%2C%22net_demand_mw%22%2C%22frequency_hz%22%2C%22solar_mw%22%2C%22others_mw%22%2C%22storage_discharge_mw%22%2C%22wind_mw%22%2C%22nuclear_mw%22%2C%22total_gen_mw%22%2C%22storage_demand_mw%22%2C%22hydro_mw%22%2C%22report_date%22 "HTTP/2 201 Created"
2026-08-24 10:22:04,246 INFO HTTP Request: POST https://iiutxlcayvswjhqgxibd.supabase.co/rest/v1/state_daily?on_conflict=report_date%2Cstate&columns=%22max_ud_mw%22%2C%22energy_shortage_mu%22%2C%22od_ud_mu%22%2C%22max_od_mw%22%2C%22state%22%2C%22energy_met_mu%22%2C%22drawal_schedule_mu%22%2C%22shortage_peak_mw%22%2C%22peak_demand_mw%22%2C%22region%22%2C%22report_date%22 "HTTP/2 201 Created"
2026-08-24 10:22:06,000 INFO   PARSED 2026-04-12: 96 SCADA rows, 39 states, 66 summary fields
2026-08-24 10:22:07,109 INFO HTTP Request: POST https://iiutxlcayvswjhqgxibd.supabase.co/rest/v1/daily_summary?on_conflict=report_date "HTTP/2 201 Created"
2026-08-24 10:22:07,782 INFO HTTP Request: POST https://iiutxlcayvswjhqgxibd.supabase.co/rest/v1/scada_15min?on_conflict=report_date%2Ctime_block&columns=%22time_block%22%2C%22transnational_mw%22%2C%22gas_mw%22%2C%22demand_mw%22%2C%22thermal_mw%22%2C%22net_demand_mw%22%2C%22frequency_hz%22%2C%22solar_mw%22%2C%22others_mw%22%2C%22storage_discharge_mw%22%2C%22wind_mw%22%2C%22nuclear_mw%22%2C%22total_gen_mw%22%2C%22storage_demand_mw%22%2C%22hydro_mw%22%2C%22report_date%22 "HTTP/2 201 Created"
2026-08-24 10:22:08,464 INFO HTTP Request: POST https://iiutxlcayvswjhqgxibd.supabase.co/rest/v1/scada_15min?on_conflict=report_date%2Ctime_block&columns=%22time_block%22%2C%22transnational_mw%22%2C%22gas_mw%22%2C%22demand_mw%22%2C%22thermal_mw%22%2C%22net_demand_mw%22%2C%22frequency_hz%22%2C%22solar_mw%22%2C%22others_mw%22%2C%22storage_discharge_mw%22%2C%22wind_mw%22%2C%22nuclear_mw%22%2C%22total_gen_mw%22%2C%22storage_demand_mw%22%2C%22hydro_mw%22%2C%22report_date%22 "HTTP/2 201 Created"
2026-08-24 10:22:09,035 INFO HTTP Request: POST https://iiutxlcayvswjhqgxibd.supabase.co/rest/v1/state_daily?on_conflict=report_date%2Cstate&columns=%22max_ud_mw%22%2C%22energy_shortage_mu%22%2C%22od_ud_mu%22%2C%22max_od_mw%22%2C%22state%22%2C%22energy_met_mu%22%2C%22drawal_schedule_mu%22%2C%22shortage_peak_mw%22%2C%22peak_demand_mw%22%2C%22region%22%2C%22report_date%22 "HTTP/2 201 Created"
2026-08-24 10:22:10,760 INFO   PARSED 2026-04-13: 96 SCADA rows, 39 states, 66 summary fields
2026-08-24 10:22:11,861 INFO HTTP Request: POST https://iiutxlcayvswjhqgxibd.supabase.co/rest/v1/daily_summary?on_conflict=report_date "HTTP/2 201 Created"
2026-08-24 10:22:12,480 INFO HTTP Request: POST https://iiutxlcayvswjhqgxibd.supabase.co/rest/v1/scada_15min?on_conflict=report_date%2Ctime_block&columns=%22time_block%22%2C%22transnational_mw%22%2C%22gas_mw%22%2C%22demand_mw%22%2C%22thermal_mw%22%2C%22net_demand_mw%22%2C%22frequency_hz%22%2C%22solar_mw%22%2C%22others_mw%22%2C%22storage_discharge_mw%22%2C%22wind_mw%22%2C%22nuclear_mw%22%2C%22total_gen_mw%22%2C%22storage_demand_mw%22%2C%22hydro_mw%22%2C%22report_date%22 "HTTP/2 201 Created"
2026-08-24 10:22:13,097 INFO HTTP Request: POST https://iiutxlcayvswjhqgxibd.supabase.co/rest/v1/scada_15min?on_conflict=report_date%2Ctime_block&columns=%22time_block%22%2C%22transnational_mw%22%2C%22gas_mw%22%2C%22demand_mw%22%2C%22thermal_mw%22%2C%22net_demand_mw%22%2C%22frequency_hz%22%2C%22solar_mw%22%2C%22others_mw%22%2C%22storage_discharge_mw%22%2C%22wind_mw%22%2C%22nuclear_mw%22%2C%22total_gen_mw%22%2C%22storage_demand_mw%22%2C%22hydro_mw%22%2C%22report_date%22 "HTTP/2 201 Created"
2026-08-24 10:22:13,662 INFO HTTP Request: POST https://iiutxlcayvswjhqgxibd.supabase.co/rest/v1/state_daily?on_conflict=report_date%2Cstate&columns=%22max_ud_mw%22%2C%22energy_shortage_mu%22%2C%22od_ud_mu%22%2C%22max_od_mw%22%2C%22state%22%2C%22energy_met_mu%22%2C%22drawal_schedule_mu%22%2C%22shortage_peak_mw%22%2C%22peak_demand_mw%22%2C%22region%22%2C%22report_date%22 "HTTP/2 201 Created"
2026-08-24 10:22:15,345 INFO   PARSED 2026-04-14: 96 SCADA rows, 39 states, 66 summary fields
2026-08-24 10:22:16,362 INFO HTTP Request: POST https://iiutxlcayvswjhqgxibd.supabase.co/rest/v1/daily_summary?on_conflict=report_date "HTTP/2 201 Created"
2026-08-24 10:22:16,947 INFO HTTP Request: POST https://iiutxlcayvswjhqgxibd.supabase.co/rest/v1/scada_15min?on_conflict=report_date%2Ctime_block&columns=%22time_block%22%2C%22transnational_mw%22%2C%22gas_mw%22%2C%22demand_mw%22%2C%22thermal_mw%22%2C%22net_demand_mw%22%2C%22frequency_hz%22%2C%22solar_mw%22%2C%22others_mw%22%2C%22storage_discharge_mw%22%2C%22wind_mw%22%2C%22nuclear_mw%22%2C%22total_gen_mw%22%2C%22storage_demand_mw%22%2C%22hydro_mw%22%2C%22report_date%22 "HTTP/2 201 Created"
2026-08-24 10:22:17,521 INFO HTTP Request: POST https://iiutxlcayvswjhqgxibd.supabase.co/rest/v1/scada_15min?on_conflict=report_date%2Ctime_block&columns=%22time_block%22%2C%22transnational_mw%22%2C%22gas_mw%22%2C%22demand_mw%22%2C%22thermal_mw%22%2C%22net_demand_mw%22%2C%22frequency_hz%22%2C%22solar_mw%22%2C%22others_mw%22%2C%22storage_discharge_mw%22%2C%22wind_mw%22%2C%22nuclear_mw%22%2C%22total_gen_mw%22%2C%22storage_demand_mw%22%2C%22hydro_mw%22%2C%22report_date%22 "HTTP/2 201 Created"
2026-08-24 10:22:18,075 INFO HTTP Request: POST https://iiutxlcayvswjhqgxibd.supabase.co/rest/v1/state_daily?on_conflict=report_date%2Cstate&columns=%22max_ud_mw%22%2C%22energy_shortage_mu%22%2C%22od_ud_mu%22%2C%22max_od_mw%22%2C%22state%22%2C%22energy_met_mu%22%2C%22drawal_schedule_mu%22%2C%22shortage_peak_mw%22%2C%22peak_demand_mw%22%2C%22region%22%2C%22report_date%22 "HTTP/2 201 Created"
2026-08-24 10:22:19,778 INFO   PARSED 2026-04-15: 96 SCADA rows, 39 states, 66 summary fields
2026-08-24 10:22:20,777 INFO HTTP Request: POST https://iiutxlcayvswjhqgxibd.supabase.co/rest/v1/daily_summary?on_conflict=report_date "HTTP/2 201 Created"
2026-08-24 10:22:21,420 INFO HTTP Request: POST https://iiutxlcayvswjhqgxibd.supabase.co/rest/v1/scada_15min?on_conflict=report_date%2Ctime_block&columns=%22time_block%22%2C%22transnational_mw%22%2C%22gas_mw%22%2C%22demand_mw%22%2C%22thermal_mw%22%2C%22net_demand_mw%22%2C%22frequency_hz%22%2C%22solar_mw%22%2C%22others_mw%22%2C%22storage_discharge_mw%22%2C%22wind_mw%22%2C%22nuclear_mw%22%2C%22total_gen_mw%22%2C%22storage_demand_mw%22%2C%22hydro_mw%22%2C%22report_date%22 "HTTP/2 201 Created"
2026-08-24 10:22:22,090 INFO HTTP Request: POST https://iiutxlcayvswjhqgxibd.supabase.co/rest/v1/scada_15min?on_conflict=report_date%2Ctime_block&columns=%22time_block%22%2C%22transnational_mw%22%2C%22gas_mw%22%2C%22demand_mw%22%2C%22thermal_mw%22%2C%22net_demand_mw%22%2C%22frequency_hz%22%2C%22solar_mw%22%2C%22others_mw%22%2C%22storage_discharge_mw%22%2C%22wind_mw%22%2C%22nuclear_mw%22%2C%22total_gen_mw%22%2C%22storage_demand_mw%22%2C%22hydro_mw%22%2C%22report_date%22 "HTTP/2 201 Created"
2026-08-24 10:22:22,650 INFO HTTP Request: POST https://iiutxlcayvswjhqgxibd.supabase.co/rest/v1/state_daily?on_conflict=report_date%2Cstate&columns=%22max_ud_mw%22%2C%22energy_shortage_mu%22%2C%22od_ud_mu%22%2C%22max_od_mw%22%2C%22state%22%2C%22energy_met_mu%22%2C%22drawal_schedule_mu%22%2C%22shortage_peak_mw%22%2C%22peak_demand_mw%22%2C%22region%22%2C%22report_date%22 "HTTP/2 201 Created"
2026-08-24 10:22:24,346 INFO   PARSED 2026-04-16: 96 SCADA rows, 39 states, 66 summary fields
2026-08-24 10:22:25,416 INFO HTTP Request: POST https://iiutxlcayvswjhqgxibd.supabase.co/rest/v1/daily_summary?on_conflict=report_date "HTTP/2 201 Created"
2026-08-24 10:22:26,172 INFO HTTP Request: POST https://iiutxlcayvswjhqgxibd.supabase.co/rest/v1/scada_15min?on_conflict=report_date%2Ctime_block&columns=%22time_block%22%2C%22transnational_mw%22%2C%22gas_mw%22%2C%22demand_mw%22%2C%22thermal_mw%22%2C%22net_demand_mw%22%2C%22frequency_hz%22%2C%22solar_mw%22%2C%22others_mw%22%2C%22storage_discharge_mw%22%2C%22wind_mw%22%2C%22nuclear_mw%22%2C%22total_gen_mw%22%2C%22storage_demand_mw%22%2C%22hydro_mw%22%2C%22report_date%22 "HTTP/2 201 Created"
2026-08-24 10:22:26,967 INFO HTTP Request: POST https://iiutxlcayvswjhqgxibd.supabase.co/rest/v1/scada_15min?on_conflict=report_date%2Ctime_block&columns=%22time_block%22%2C%22transnational_mw%22%2C%22gas_mw%22%2C%22demand_mw%22%2C%22thermal_mw%22%2C%22net_demand_mw%22%2C%22frequency_hz%22%2C%22solar_mw%22%2C%22others_mw%22%2C%22storage_discharge_mw%22%2C%22wind_mw%22%2C%22nuclear_mw%22%2C%22total_gen_mw%22%2C%22storage_demand_mw%22%2C%22hydro_mw%22%2C%22report_date%22 "HTTP/2 201 Created"
2026-08-24 10:22:27,658 INFO HTTP Request: POST https://iiutxlcayvswjhqgxibd.supabase.co/rest/v1/state_daily?on_conflict=report_date%2Cstate&columns=%22max_ud_mw%22%2C%22energy_shortage_mu%22%2C%22od_ud_mu%22%2C%22max_od_mw%22%2C%22state%22%2C%22energy_met_mu%22%2C%22drawal_schedule_mu%22%2C%22shortage_peak_mw%22%2C%22peak_demand_mw%22%2C%22region%22%2C%22report_date%22 "HTTP/2 201 Created"
2026-08-24 10:22:29,407 INFO   PARSED 2026-04-17: 96 SCADA rows, 39 states, 66 summary fields
2026-08-24 10:22:30,390 INFO HTTP Request: POST https://iiutxlcayvswjhqgxibd.supabase.co/rest/v1/daily_summary?on_conflict=report_date "HTTP/2 201 Created"
2026-08-24 10:22:30,964 INFO HTTP Request: POST https://iiutxlcayvswjhqgxibd.supabase.co/rest/v1/scada_15min?on_conflict=report_date%2Ctime_block&columns=%22time_block%22%2C%22transnational_mw%22%2C%22gas_mw%22%2C%22demand_mw%22%2C%22thermal_mw%22%2C%22net_demand_mw%22%2C%22frequency_hz%22%2C%22solar_mw%22%2C%22others_mw%22%2C%22storage_discharge_mw%22%2C%22wind_mw%22%2C%22nuclear_mw%22%2C%22total_gen_mw%22%2C%22storage_demand_mw%22%2C%22hydro_mw%22%2C%22report_date%22 "HTTP/2 201 Created"
2026-08-24 10:22:31,537 INFO HTTP Request: POST https://iiutxlcayvswjhqgxibd.supabase.co/rest/v1/scada_15min?on_conflict=report_date%2Ctime_block&columns=%22time_block%22%2C%22transnational_mw%22%2C%22gas_mw%22%2C%22demand_mw%22%2C%22thermal_mw%22%2C%22net_demand_mw%22%2C%22frequency_hz%22%2C%22solar_mw%22%2C%22others_mw%22%2C%22storage_discharge_mw%22%2C%22wind_mw%22%2C%22nuclear_mw%22%2C%22total_gen_mw%22%2C%22storage_demand_mw%22%2C%22hydro_mw%22%2C%22report_date%22 "HTTP/2 201 Created"
2026-08-24 10:22:32,333 INFO HTTP Request: POST https://iiutxlcayvswjhqgxibd.supabase.co/rest/v1/state_daily?on_conflict=report_date%2Cstate&columns=%22max_ud_mw%22%2C%22energy_shortage_mu%22%2C%22od_ud_mu%22%2C%22max_od_mw%22%2C%22state%22%2C%22energy_met_mu%22%2C%22drawal_schedule_mu%22%2C%22shortage_peak_mw%22%2C%22peak_demand_mw%22%2C%22region%22%2C%22report_date%22 "HTTP/2 201 Created"
2026-08-24 10:22:34,059 INFO   PARSED 2026-04-18: 96 SCADA rows, 39 states, 66 summary fields
2026-08-24 10:22:35,094 INFO HTTP Request: POST https://iiutxlcayvswjhqgxibd.supabase.co/rest/v1/daily_summary?on_conflict=report_date "HTTP/2 201 Created"
2026-08-24 10:22:35,672 INFO HTTP Request: POST https://iiutxlcayvswjhqgxibd.supabase.co/rest/v1/scada_15min?on_conflict=report_date%2Ctime_block&columns=%22time_block%22%2C%22transnational_mw%22%2C%22gas_mw%22%2C%22demand_mw%22%2C%22thermal_mw%22%2C%22net_demand_mw%22%2C%22frequency_hz%22%2C%22solar_mw%22%2C%22others_mw%22%2C%22storage_discharge_mw%22%2C%22wind_mw%22%2C%22nuclear_mw%22%2C%22total_gen_mw%22%2C%22storage_demand_mw%22%2C%22hydro_mw%22%2C%22report_date%22 "HTTP/2 201 Created"
2026-08-24 10:22:36,237 INFO HTTP Request: POST https://iiutxlcayvswjhqgxibd.supabase.co/rest/v1/scada_15min?on_conflict=report_date%2Ctime_block&columns=%22time_block%22%2C%22transnational_mw%22%2C%22gas_mw%22%2C%22demand_mw%22%2C%22thermal_mw%22%2C%22net_demand_mw%22%2C%22frequency_hz%22%2C%22solar_mw%22%2C%22others_mw%22%2C%22storage_discharge_mw%22%2C%22wind_mw%22%2C%22nuclear_mw%22%2C%22total_gen_mw%22%2C%22storage_demand_mw%22%2C%22hydro_mw%22%2C%22report_date%22 "HTTP/2 201 Created"
2026-08-24 10:22:36,854 INFO HTTP Request: POST https://iiutxlcayvswjhqgxibd.supabase.co/rest/v1/state_daily?on_conflict=report_date%2Cstate&columns=%22max_ud_mw%22%2C%22energy_shortage_mu%22%2C%22od_ud_mu%22%2C%22max_od_mw%22%2C%22state%22%2C%22energy_met_mu%22%2C%22drawal_schedule_mu%22%2C%22shortage_peak_mw%22%2C%22peak_demand_mw%22%2C%22region%22%2C%22report_date%22 "HTTP/2 201 Created"
2026-08-24 10:22:36,860 INFO 
Done: 18 OK, 0 failed, 0 skipped
2026-08-24 10:28:04,048 INFO Found 30 PDFs in pdfs\raw
2026-08-24 10:28:05,797 INFO   SKIP 2026-04-01 (already processed)
2026-08-24 10:28:07,563 INFO   SKIP 2026-04-02 (already processed)
2026-08-24 10:28:09,267 INFO   SKIP 2026-04-03 (already processed)
2026-08-24 10:28:10,962 INFO   SKIP 2026-04-04 (already processed)
2026-08-24 10:28:12,675 INFO   SKIP 2026-04-05 (already processed)
2026-08-24 10:28:14,367 INFO   SKIP 2026-04-06 (already processed)
2026-08-24 10:28:16,125 INFO   SKIP 2026-04-07 (already processed)
2026-08-24 10:28:17,839 INFO   SKIP 2026-04-08 (already processed)
2026-08-24 10:28:19,531 INFO   SKIP 2026-04-09 (already processed)
2026-08-24 10:28:21,240 INFO   SKIP 2026-04-10 (already processed)
2026-08-24 10:28:22,938 INFO   SKIP 2026-04-11 (already processed)
2026-08-24 10:28:24,620 INFO   SKIP 2026-04-12 (already processed)
2026-08-24 10:28:26,375 INFO   SKIP 2026-04-13 (already processed)
2026-08-24 10:28:28,068 INFO   SKIP 2026-04-14 (already processed)
2026-08-24 10:28:29,748 INFO   SKIP 2026-04-15 (already processed)
2026-08-24 10:28:31,436 INFO   SKIP 2026-04-16 (already processed)
2026-08-24 10:28:33,146 INFO   SKIP 2026-04-17 (already processed)
2026-08-24 10:28:34,911 INFO   SKIP 2026-04-18 (already processed)
2026-08-24 10:28:36,646 INFO   PARSED 2026-04-19: 96 SCADA rows, 39 states, 66 summary fields
2026-08-24 10:28:38,440 INFO HTTP Request: POST https://iiutxlcayvswjhqgxibd.supabase.co/rest/v1/daily_summary?on_conflict=report_date "HTTP/2 201 Created"
2026-08-24 10:28:39,089 INFO HTTP Request: POST https://iiutxlcayvswjhqgxibd.supabase.co/rest/v1/scada_15min?on_conflict=report_date%2Ctime_block&columns=%22storage_demand_mw%22%2C%22others_mw%22%2C%22transnational_mw%22%2C%22total_gen_mw%22%2C%22gas_mw%22%2C%22thermal_mw%22%2C%22time_block%22%2C%22frequency_hz%22%2C%22report_date%22%2C%22wind_mw%22%2C%22net_demand_mw%22%2C%22storage_discharge_mw%22%2C%22solar_mw%22%2C%22hydro_mw%22%2C%22demand_mw%22%2C%22nuclear_mw%22 "HTTP/2 201 Created"
2026-08-24 10:28:39,672 INFO HTTP Request: POST https://iiutxlcayvswjhqgxibd.supabase.co/rest/v1/scada_15min?on_conflict=report_date%2Ctime_block&columns=%22storage_demand_mw%22%2C%22others_mw%22%2C%22transnational_mw%22%2C%22total_gen_mw%22%2C%22gas_mw%22%2C%22thermal_mw%22%2C%22time_block%22%2C%22frequency_hz%22%2C%22report_date%22%2C%22wind_mw%22%2C%22net_demand_mw%22%2C%22storage_discharge_mw%22%2C%22solar_mw%22%2C%22hydro_mw%22%2C%22demand_mw%22%2C%22nuclear_mw%22 "HTTP/2 201 Created"
2026-08-24 10:28:40,208 INFO HTTP Request: POST https://iiutxlcayvswjhqgxibd.supabase.co/rest/v1/state_daily?on_conflict=report_date%2Cstate&columns=%22peak_demand_mw%22%2C%22energy_met_mu%22%2C%22energy_shortage_mu%22%2C%22shortage_peak_mw%22%2C%22max_od_mw%22%2C%22od_ud_mu%22%2C%22report_date%22%2C%22state%22%2C%22max_ud_mw%22%2C%22region%22%2C%22drawal_schedule_mu%22 "HTTP/2 201 Created"
2026-08-24 10:28:41,910 INFO   PARSED 2026-04-20: 96 SCADA rows, 39 states, 66 summary fields
2026-08-24 10:28:42,930 INFO HTTP Request: POST https://iiutxlcayvswjhqgxibd.supabase.co/rest/v1/daily_summary?on_conflict=report_date "HTTP/2 201 Created"
2026-08-24 10:28:43,517 INFO HTTP Request: POST https://iiutxlcayvswjhqgxibd.supabase.co/rest/v1/scada_15min?on_conflict=report_date%2Ctime_block&columns=%22storage_demand_mw%22%2C%22others_mw%22%2C%22transnational_mw%22%2C%22total_gen_mw%22%2C%22gas_mw%22%2C%22thermal_mw%22%2C%22time_block%22%2C%22frequency_hz%22%2C%22report_date%22%2C%22wind_mw%22%2C%22net_demand_mw%22%2C%22storage_discharge_mw%22%2C%22solar_mw%22%2C%22hydro_mw%22%2C%22demand_mw%22%2C%22nuclear_mw%22 "HTTP/2 201 Created"
2026-08-24 10:28:44,126 INFO HTTP Request: POST https://iiutxlcayvswjhqgxibd.supabase.co/rest/v1/scada_15min?on_conflict=report_date%2Ctime_block&columns=%22storage_demand_mw%22%2C%22others_mw%22%2C%22transnational_mw%22%2C%22total_gen_mw%22%2C%22gas_mw%22%2C%22thermal_mw%22%2C%22time_block%22%2C%22frequency_hz%22%2C%22report_date%22%2C%22wind_mw%22%2C%22net_demand_mw%22%2C%22storage_discharge_mw%22%2C%22solar_mw%22%2C%22hydro_mw%22%2C%22demand_mw%22%2C%22nuclear_mw%22 "HTTP/2 201 Created"
2026-08-24 10:28:44,698 INFO HTTP Request: POST https://iiutxlcayvswjhqgxibd.supabase.co/rest/v1/state_daily?on_conflict=report_date%2Cstate&columns=%22peak_demand_mw%22%2C%22energy_met_mu%22%2C%22energy_shortage_mu%22%2C%22shortage_peak_mw%22%2C%22max_od_mw%22%2C%22od_ud_mu%22%2C%22report_date%22%2C%22state%22%2C%22max_ud_mw%22%2C%22region%22%2C%22drawal_schedule_mu%22 "HTTP/2 201 Created"
2026-08-24 10:28:46,444 INFO   PARSED 2026-04-21: 96 SCADA rows, 39 states, 66 summary fields
2026-08-24 10:28:47,474 INFO HTTP Request: POST https://iiutxlcayvswjhqgxibd.supabase.co/rest/v1/daily_summary?on_conflict=report_date "HTTP/2 201 Created"
2026-08-24 10:28:48,102 INFO HTTP Request: POST https://iiutxlcayvswjhqgxibd.supabase.co/rest/v1/scada_15min?on_conflict=report_date%2Ctime_block&columns=%22storage_demand_mw%22%2C%22others_mw%22%2C%22transnational_mw%22%2C%22total_gen_mw%22%2C%22gas_mw%22%2C%22thermal_mw%22%2C%22time_block%22%2C%22frequency_hz%22%2C%22report_date%22%2C%22wind_mw%22%2C%22net_demand_mw%22%2C%22storage_discharge_mw%22%2C%22solar_mw%22%2C%22hydro_mw%22%2C%22demand_mw%22%2C%22nuclear_mw%22 "HTTP/2 201 Created"
2026-08-24 10:28:48,777 INFO HTTP Request: POST https://iiutxlcayvswjhqgxibd.supabase.co/rest/v1/scada_15min?on_conflict=report_date%2Ctime_block&columns=%22storage_demand_mw%22%2C%22others_mw%22%2C%22transnational_mw%22%2C%22total_gen_mw%22%2C%22gas_mw%22%2C%22thermal_mw%22%2C%22time_block%22%2C%22frequency_hz%22%2C%22report_date%22%2C%22wind_mw%22%2C%22net_demand_mw%22%2C%22storage_discharge_mw%22%2C%22solar_mw%22%2C%22hydro_mw%22%2C%22demand_mw%22%2C%22nuclear_mw%22 "HTTP/2 201 Created"
2026-08-24 10:28:49,397 INFO HTTP Request: POST https://iiutxlcayvswjhqgxibd.supabase.co/rest/v1/state_daily?on_conflict=report_date%2Cstate&columns=%22peak_demand_mw%22%2C%22energy_met_mu%22%2C%22energy_shortage_mu%22%2C%22shortage_peak_mw%22%2C%22max_od_mw%22%2C%22od_ud_mu%22%2C%22report_date%22%2C%22state%22%2C%22max_ud_mw%22%2C%22region%22%2C%22drawal_schedule_mu%22 "HTTP/2 201 Created"
2026-08-24 10:28:51,068 INFO   PARSED 2026-04-22: 96 SCADA rows, 39 states, 66 summary fields
2026-08-24 10:28:52,122 INFO HTTP Request: POST https://iiutxlcayvswjhqgxibd.supabase.co/rest/v1/daily_summary?on_conflict=report_date "HTTP/2 201 Created"
2026-08-24 10:28:52,772 INFO HTTP Request: POST https://iiutxlcayvswjhqgxibd.supabase.co/rest/v1/scada_15min?on_conflict=report_date%2Ctime_block&columns=%22storage_demand_mw%22%2C%22others_mw%22%2C%22transnational_mw%22%2C%22total_gen_mw%22%2C%22gas_mw%22%2C%22thermal_mw%22%2C%22time_block%22%2C%22frequency_hz%22%2C%22report_date%22%2C%22wind_mw%22%2C%22net_demand_mw%22%2C%22storage_discharge_mw%22%2C%22solar_mw%22%2C%22hydro_mw%22%2C%22demand_mw%22%2C%22nuclear_mw%22 "HTTP/2 201 Created"
2026-08-24 10:28:53,429 INFO HTTP Request: POST https://iiutxlcayvswjhqgxibd.supabase.co/rest/v1/scada_15min?on_conflict=report_date%2Ctime_block&columns=%22storage_demand_mw%22%2C%22others_mw%22%2C%22transnational_mw%22%2C%22total_gen_mw%22%2C%22gas_mw%22%2C%22thermal_mw%22%2C%22time_block%22%2C%22frequency_hz%22%2C%22report_date%22%2C%22wind_mw%22%2C%22net_demand_mw%22%2C%22storage_discharge_mw%22%2C%22solar_mw%22%2C%22hydro_mw%22%2C%22demand_mw%22%2C%22nuclear_mw%22 "HTTP/2 201 Created"
2026-08-24 10:28:54,028 INFO HTTP Request: POST https://iiutxlcayvswjhqgxibd.supabase.co/rest/v1/state_daily?on_conflict=report_date%2Cstate&columns=%22peak_demand_mw%22%2C%22energy_met_mu%22%2C%22energy_shortage_mu%22%2C%22shortage_peak_mw%22%2C%22max_od_mw%22%2C%22od_ud_mu%22%2C%22report_date%22%2C%22state%22%2C%22max_ud_mw%22%2C%22region%22%2C%22drawal_schedule_mu%22 "HTTP/2 201 Created"
2026-08-24 10:28:55,855 INFO   PARSED 2026-04-23: 96 SCADA rows, 38 states, 66 summary fields
2026-08-24 10:28:56,927 INFO HTTP Request: POST https://iiutxlcayvswjhqgxibd.supabase.co/rest/v1/daily_summary?on_conflict=report_date "HTTP/2 201 Created"
2026-08-24 10:28:57,582 INFO HTTP Request: POST https://iiutxlcayvswjhqgxibd.supabase.co/rest/v1/scada_15min?on_conflict=report_date%2Ctime_block&columns=%22storage_demand_mw%22%2C%22others_mw%22%2C%22transnational_mw%22%2C%22total_gen_mw%22%2C%22gas_mw%22%2C%22thermal_mw%22%2C%22time_block%22%2C%22frequency_hz%22%2C%22report_date%22%2C%22wind_mw%22%2C%22net_demand_mw%22%2C%22storage_discharge_mw%22%2C%22solar_mw%22%2C%22hydro_mw%22%2C%22demand_mw%22%2C%22nuclear_mw%22 "HTTP/2 201 Created"
2026-08-24 10:28:58,287 INFO HTTP Request: POST https://iiutxlcayvswjhqgxibd.supabase.co/rest/v1/scada_15min?on_conflict=report_date%2Ctime_block&columns=%22storage_demand_mw%22%2C%22others_mw%22%2C%22transnational_mw%22%2C%22total_gen_mw%22%2C%22gas_mw%22%2C%22thermal_mw%22%2C%22time_block%22%2C%22frequency_hz%22%2C%22report_date%22%2C%22wind_mw%22%2C%22net_demand_mw%22%2C%22storage_discharge_mw%22%2C%22solar_mw%22%2C%22hydro_mw%22%2C%22demand_mw%22%2C%22nuclear_mw%22 "HTTP/2 201 Created"
2026-08-24 10:28:58,851 INFO HTTP Request: POST https://iiutxlcayvswjhqgxibd.supabase.co/rest/v1/state_daily?on_conflict=report_date%2Cstate&columns=%22peak_demand_mw%22%2C%22energy_met_mu%22%2C%22energy_shortage_mu%22%2C%22shortage_peak_mw%22%2C%22max_od_mw%22%2C%22od_ud_mu%22%2C%22report_date%22%2C%22state%22%2C%22max_ud_mw%22%2C%22region%22%2C%22drawal_schedule_mu%22 "HTTP/2 201 Created"
2026-08-24 10:29:00,592 INFO   PARSED 2026-04-24: 96 SCADA rows, 38 states, 66 summary fields
2026-08-24 10:29:01,955 INFO HTTP Request: POST https://iiutxlcayvswjhqgxibd.supabase.co/rest/v1/daily_summary?on_conflict=report_date "HTTP/2 201 Created"
2026-08-24 10:29:02,667 INFO HTTP Request: POST https://iiutxlcayvswjhqgxibd.supabase.co/rest/v1/scada_15min?on_conflict=report_date%2Ctime_block&columns=%22storage_demand_mw%22%2C%22others_mw%22%2C%22transnational_mw%22%2C%22total_gen_mw%22%2C%22gas_mw%22%2C%22thermal_mw%22%2C%22time_block%22%2C%22frequency_hz%22%2C%22report_date%22%2C%22wind_mw%22%2C%22net_demand_mw%22%2C%22storage_discharge_mw%22%2C%22solar_mw%22%2C%22hydro_mw%22%2C%22demand_mw%22%2C%22nuclear_mw%22 "HTTP/2 201 Created"
2026-08-24 10:29:03,524 INFO HTTP Request: POST https://iiutxlcayvswjhqgxibd.supabase.co/rest/v1/scada_15min?on_conflict=report_date%2Ctime_block&columns=%22storage_demand_mw%22%2C%22others_mw%22%2C%22transnational_mw%22%2C%22total_gen_mw%22%2C%22gas_mw%22%2C%22thermal_mw%22%2C%22time_block%22%2C%22frequency_hz%22%2C%22report_date%22%2C%22wind_mw%22%2C%22net_demand_mw%22%2C%22storage_discharge_mw%22%2C%22solar_mw%22%2C%22hydro_mw%22%2C%22demand_mw%22%2C%22nuclear_mw%22 "HTTP/2 201 Created"
2026-08-24 10:29:04,520 INFO HTTP Request: POST https://iiutxlcayvswjhqgxibd.supabase.co/rest/v1/state_daily?on_conflict=report_date%2Cstate&columns=%22peak_demand_mw%22%2C%22energy_met_mu%22%2C%22energy_shortage_mu%22%2C%22shortage_peak_mw%22%2C%22max_od_mw%22%2C%22od_ud_mu%22%2C%22report_date%22%2C%22state%22%2C%22max_ud_mw%22%2C%22region%22%2C%22drawal_schedule_mu%22 "HTTP/2 201 Created"
2026-08-24 10:29:06,230 INFO   PARSED 2026-04-25: 96 SCADA rows, 39 states, 66 summary fields
2026-08-24 10:29:07,287 INFO HTTP Request: POST https://iiutxlcayvswjhqgxibd.supabase.co/rest/v1/daily_summary?on_conflict=report_date "HTTP/2 201 Created"
2026-08-24 10:29:07,968 INFO HTTP Request: POST https://iiutxlcayvswjhqgxibd.supabase.co/rest/v1/scada_15min?on_conflict=report_date%2Ctime_block&columns=%22storage_demand_mw%22%2C%22others_mw%22%2C%22transnational_mw%22%2C%22total_gen_mw%22%2C%22gas_mw%22%2C%22thermal_mw%22%2C%22time_block%22%2C%22frequency_hz%22%2C%22report_date%22%2C%22wind_mw%22%2C%22net_demand_mw%22%2C%22storage_discharge_mw%22%2C%22solar_mw%22%2C%22hydro_mw%22%2C%22demand_mw%22%2C%22nuclear_mw%22 "HTTP/2 201 Created"
2026-08-24 10:29:08,601 INFO HTTP Request: POST https://iiutxlcayvswjhqgxibd.supabase.co/rest/v1/scada_15min?on_conflict=report_date%2Ctime_block&columns=%22storage_demand_mw%22%2C%22others_mw%22%2C%22transnational_mw%22%2C%22total_gen_mw%22%2C%22gas_mw%22%2C%22thermal_mw%22%2C%22time_block%22%2C%22frequency_hz%22%2C%22report_date%22%2C%22wind_mw%22%2C%22net_demand_mw%22%2C%22storage_discharge_mw%22%2C%22solar_mw%22%2C%22hydro_mw%22%2C%22demand_mw%22%2C%22nuclear_mw%22 "HTTP/2 201 Created"
2026-08-24 10:29:09,157 INFO HTTP Request: POST https://iiutxlcayvswjhqgxibd.supabase.co/rest/v1/state_daily?on_conflict=report_date%2Cstate&columns=%22peak_demand_mw%22%2C%22energy_met_mu%22%2C%22energy_shortage_mu%22%2C%22shortage_peak_mw%22%2C%22max_od_mw%22%2C%22od_ud_mu%22%2C%22report_date%22%2C%22state%22%2C%22max_ud_mw%22%2C%22region%22%2C%22drawal_schedule_mu%22 "HTTP/2 201 Created"
2026-08-24 10:29:10,870 INFO   PARSED 2026-04-26: 96 SCADA rows, 39 states, 66 summary fields
2026-08-24 10:29:11,915 INFO HTTP Request: POST https://iiutxlcayvswjhqgxibd.supabase.co/rest/v1/daily_summary?on_conflict=report_date "HTTP/2 201 Created"
2026-08-24 10:29:12,623 INFO HTTP Request: POST https://iiutxlcayvswjhqgxibd.supabase.co/rest/v1/scada_15min?on_conflict=report_date%2Ctime_block&columns=%22storage_demand_mw%22%2C%22others_mw%22%2C%22transnational_mw%22%2C%22total_gen_mw%22%2C%22gas_mw%22%2C%22thermal_mw%22%2C%22time_block%22%2C%22frequency_hz%22%2C%22report_date%22%2C%22wind_mw%22%2C%22net_demand_mw%22%2C%22storage_discharge_mw%22%2C%22solar_mw%22%2C%22hydro_mw%22%2C%22demand_mw%22%2C%22nuclear_mw%22 "HTTP/2 201 Created"
2026-08-24 10:29:13,296 INFO HTTP Request: POST https://iiutxlcayvswjhqgxibd.supabase.co/rest/v1/scada_15min?on_conflict=report_date%2Ctime_block&columns=%22storage_demand_mw%22%2C%22others_mw%22%2C%22transnational_mw%22%2C%22total_gen_mw%22%2C%22gas_mw%22%2C%22thermal_mw%22%2C%22time_block%22%2C%22frequency_hz%22%2C%22report_date%22%2C%22wind_mw%22%2C%22net_demand_mw%22%2C%22storage_discharge_mw%22%2C%22solar_mw%22%2C%22hydro_mw%22%2C%22demand_mw%22%2C%22nuclear_mw%22 "HTTP/2 201 Created"
2026-08-24 10:29:14,017 INFO HTTP Request: POST https://iiutxlcayvswjhqgxibd.supabase.co/rest/v1/state_daily?on_conflict=report_date%2Cstate&columns=%22peak_demand_mw%22%2C%22energy_met_mu%22%2C%22energy_shortage_mu%22%2C%22shortage_peak_mw%22%2C%22max_od_mw%22%2C%22od_ud_mu%22%2C%22report_date%22%2C%22state%22%2C%22max_ud_mw%22%2C%22region%22%2C%22drawal_schedule_mu%22 "HTTP/2 201 Created"
2026-08-24 10:29:15,728 INFO   PARSED 2026-04-27: 96 SCADA rows, 39 states, 66 summary fields
2026-08-24 10:29:16,787 INFO HTTP Request: POST https://iiutxlcayvswjhqgxibd.supabase.co/rest/v1/daily_summary?on_conflict=report_date "HTTP/2 201 Created"
2026-08-24 10:29:17,458 INFO HTTP Request: POST https://iiutxlcayvswjhqgxibd.supabase.co/rest/v1/scada_15min?on_conflict=report_date%2Ctime_block&columns=%22storage_demand_mw%22%2C%22others_mw%22%2C%22transnational_mw%22%2C%22total_gen_mw%22%2C%22gas_mw%22%2C%22thermal_mw%22%2C%22time_block%22%2C%22frequency_hz%22%2C%22report_date%22%2C%22wind_mw%22%2C%22net_demand_mw%22%2C%22storage_discharge_mw%22%2C%22solar_mw%22%2C%22hydro_mw%22%2C%22demand_mw%22%2C%22nuclear_mw%22 "HTTP/2 201 Created"
2026-08-24 10:29:18,109 INFO HTTP Request: POST https://iiutxlcayvswjhqgxibd.supabase.co/rest/v1/scada_15min?on_conflict=report_date%2Ctime_block&columns=%22storage_demand_mw%22%2C%22others_mw%22%2C%22transnational_mw%22%2C%22total_gen_mw%22%2C%22gas_mw%22%2C%22thermal_mw%22%2C%22time_block%22%2C%22frequency_hz%22%2C%22report_date%22%2C%22wind_mw%22%2C%22net_demand_mw%22%2C%22storage_discharge_mw%22%2C%22solar_mw%22%2C%22hydro_mw%22%2C%22demand_mw%22%2C%22nuclear_mw%22 "HTTP/2 201 Created"
2026-08-24 10:29:18,682 INFO HTTP Request: POST https://iiutxlcayvswjhqgxibd.supabase.co/rest/v1/state_daily?on_conflict=report_date%2Cstate&columns=%22peak_demand_mw%22%2C%22energy_met_mu%22%2C%22energy_shortage_mu%22%2C%22shortage_peak_mw%22%2C%22max_od_mw%22%2C%22od_ud_mu%22%2C%22report_date%22%2C%22state%22%2C%22max_ud_mw%22%2C%22region%22%2C%22drawal_schedule_mu%22 "HTTP/2 201 Created"
2026-08-24 10:29:20,419 INFO   PARSED 2026-04-28: 96 SCADA rows, 39 states, 66 summary fields
2026-08-24 10:29:21,441 INFO HTTP Request: POST https://iiutxlcayvswjhqgxibd.supabase.co/rest/v1/daily_summary?on_conflict=report_date "HTTP/2 201 Created"
2026-08-24 10:29:22,157 INFO HTTP Request: POST https://iiutxlcayvswjhqgxibd.supabase.co/rest/v1/scada_15min?on_conflict=report_date%2Ctime_block&columns=%22storage_demand_mw%22%2C%22others_mw%22%2C%22transnational_mw%22%2C%22total_gen_mw%22%2C%22gas_mw%22%2C%22thermal_mw%22%2C%22time_block%22%2C%22frequency_hz%22%2C%22report_date%22%2C%22wind_mw%22%2C%22net_demand_mw%22%2C%22storage_discharge_mw%22%2C%22solar_mw%22%2C%22hydro_mw%22%2C%22demand_mw%22%2C%22nuclear_mw%22 "HTTP/2 201 Created"
2026-08-24 10:29:22,808 INFO HTTP Request: POST https://iiutxlcayvswjhqgxibd.supabase.co/rest/v1/scada_15min?on_conflict=report_date%2Ctime_block&columns=%22storage_demand_mw%22%2C%22others_mw%22%2C%22transnational_mw%22%2C%22total_gen_mw%22%2C%22gas_mw%22%2C%22thermal_mw%22%2C%22time_block%22%2C%22frequency_hz%22%2C%22report_date%22%2C%22wind_mw%22%2C%22net_demand_mw%22%2C%22storage_discharge_mw%22%2C%22solar_mw%22%2C%22hydro_mw%22%2C%22demand_mw%22%2C%22nuclear_mw%22 "HTTP/2 201 Created"
2026-08-24 10:29:23,353 INFO HTTP Request: POST https://iiutxlcayvswjhqgxibd.supabase.co/rest/v1/state_daily?on_conflict=report_date%2Cstate&columns=%22peak_demand_mw%22%2C%22energy_met_mu%22%2C%22energy_shortage_mu%22%2C%22shortage_peak_mw%22%2C%22max_od_mw%22%2C%22od_ud_mu%22%2C%22report_date%22%2C%22state%22%2C%22max_ud_mw%22%2C%22region%22%2C%22drawal_schedule_mu%22 "HTTP/2 201 Created"
2026-08-24 10:29:25,057 INFO   PARSED 2026-04-29: 96 SCADA rows, 39 states, 66 summary fields
2026-08-24 10:29:26,441 INFO HTTP Request: POST https://iiutxlcayvswjhqgxibd.supabase.co/rest/v1/daily_summary?on_conflict=report_date "HTTP/2 201 Created"
2026-08-24 10:29:27,401 INFO HTTP Request: POST https://iiutxlcayvswjhqgxibd.supabase.co/rest/v1/scada_15min?on_conflict=report_date%2Ctime_block&columns=%22storage_demand_mw%22%2C%22others_mw%22%2C%22transnational_mw%22%2C%22total_gen_mw%22%2C%22gas_mw%22%2C%22thermal_mw%22%2C%22time_block%22%2C%22frequency_hz%22%2C%22report_date%22%2C%22wind_mw%22%2C%22net_demand_mw%22%2C%22storage_discharge_mw%22%2C%22solar_mw%22%2C%22hydro_mw%22%2C%22demand_mw%22%2C%22nuclear_mw%22 "HTTP/2 201 Created"
2026-08-24 10:29:27,995 INFO HTTP Request: POST https://iiutxlcayvswjhqgxibd.supabase.co/rest/v1/scada_15min?on_conflict=report_date%2Ctime_block&columns=%22storage_demand_mw%22%2C%22others_mw%22%2C%22transnational_mw%22%2C%22total_gen_mw%22%2C%22gas_mw%22%2C%22thermal_mw%22%2C%22time_block%22%2C%22frequency_hz%22%2C%22report_date%22%2C%22wind_mw%22%2C%22net_demand_mw%22%2C%22storage_discharge_mw%22%2C%22solar_mw%22%2C%22hydro_mw%22%2C%22demand_mw%22%2C%22nuclear_mw%22 "HTTP/2 201 Created"
2026-08-24 10:29:28,569 INFO HTTP Request: POST https://iiutxlcayvswjhqgxibd.supabase.co/rest/v1/state_daily?on_conflict=report_date%2Cstate&columns=%22peak_demand_mw%22%2C%22energy_met_mu%22%2C%22energy_shortage_mu%22%2C%22shortage_peak_mw%22%2C%22max_od_mw%22%2C%22od_ud_mu%22%2C%22report_date%22%2C%22state%22%2C%22max_ud_mw%22%2C%22region%22%2C%22drawal_schedule_mu%22 "HTTP/2 201 Created"
2026-08-24 10:29:30,252 INFO   PARSED 2026-04-30: 95 SCADA rows, 39 states, 66 summary fields
2026-08-24 10:29:31,269 INFO HTTP Request: POST https://iiutxlcayvswjhqgxibd.supabase.co/rest/v1/daily_summary?on_conflict=report_date "HTTP/2 201 Created"
2026-08-24 10:29:31,865 INFO HTTP Request: POST https://iiutxlcayvswjhqgxibd.supabase.co/rest/v1/scada_15min?on_conflict=report_date%2Ctime_block&columns=%22storage_demand_mw%22%2C%22others_mw%22%2C%22transnational_mw%22%2C%22total_gen_mw%22%2C%22gas_mw%22%2C%22thermal_mw%22%2C%22time_block%22%2C%22frequency_hz%22%2C%22report_date%22%2C%22wind_mw%22%2C%22net_demand_mw%22%2C%22storage_discharge_mw%22%2C%22solar_mw%22%2C%22hydro_mw%22%2C%22demand_mw%22%2C%22nuclear_mw%22 "HTTP/2 201 Created"
2026-08-24 10:29:32,463 INFO HTTP Request: POST https://iiutxlcayvswjhqgxibd.supabase.co/rest/v1/scada_15min?on_conflict=report_date%2Ctime_block&columns=%22storage_demand_mw%22%2C%22others_mw%22%2C%22transnational_mw%22%2C%22total_gen_mw%22%2C%22gas_mw%22%2C%22thermal_mw%22%2C%22time_block%22%2C%22frequency_hz%22%2C%22report_date%22%2C%22wind_mw%22%2C%22net_demand_mw%22%2C%22storage_discharge_mw%22%2C%22solar_mw%22%2C%22hydro_mw%22%2C%22demand_mw%22%2C%22nuclear_mw%22 "HTTP/2 201 Created"
2026-08-24 10:29:33,062 INFO HTTP Request: POST https://iiutxlcayvswjhqgxibd.supabase.co/rest/v1/state_daily?on_conflict=report_date%2Cstate&columns=%22peak_demand_mw%22%2C%22energy_met_mu%22%2C%22energy_shortage_mu%22%2C%22shortage_peak_mw%22%2C%22max_od_mw%22%2C%22od_ud_mu%22%2C%22report_date%22%2C%22state%22%2C%22max_ud_mw%22%2C%22region%22%2C%22drawal_schedule_mu%22 "HTTP/2 201 Created"
2026-08-24 10:29:33,069 INFO 
Done: 30 OK, 0 failed, 0 skipped
2026-08-24 16:02:48,987 INFO Found 14 PDFs in pdfs\raw
2026-08-24 16:02:51,794 INFO   PARSED 2026-05-01: 96 SCADA rows, 39 states, 66 summary fields
2026-08-24 16:02:51,794 INFO   DRY RUN — not loading to Supabase
2026-08-24 16:02:54,408 INFO   PARSED 2026-05-02: 96 SCADA rows, 39 states, 66 summary fields
2026-08-24 16:02:54,408 INFO   DRY RUN — not loading to Supabase
2026-08-24 16:02:56,893 INFO   PARSED 2026-05-03: 96 SCADA rows, 39 states, 66 summary fields
2026-08-24 16:02:56,893 INFO   DRY RUN — not loading to Supabase
2026-08-24 16:02:58,831 INFO   PARSED 2026-05-04: 96 SCADA rows, 39 states, 66 summary fields
2026-08-24 16:02:58,831 INFO   DRY RUN — not loading to Supabase
2026-08-24 16:03:00,796 INFO   PARSED 2026-05-05: 96 SCADA rows, 38 states, 66 summary fields
2026-08-24 16:03:00,796 INFO   DRY RUN — not loading to Supabase
2026-08-24 16:03:02,767 INFO   PARSED 2026-05-06: 96 SCADA rows, 39 states, 66 summary fields
2026-08-24 16:03:02,767 INFO   DRY RUN — not loading to Supabase
2026-08-24 16:03:04,837 INFO   PARSED 2026-05-07: 96 SCADA rows, 39 states, 66 summary fields
2026-08-24 16:03:04,837 INFO   DRY RUN — not loading to Supabase
2026-08-24 16:03:06,730 INFO   PARSED 2026-05-08: 96 SCADA rows, 39 states, 66 summary fields
2026-08-24 16:03:06,730 INFO   DRY RUN — not loading to Supabase
2026-08-24 16:03:08,631 INFO   PARSED 2026-05-09: 96 SCADA rows, 39 states, 66 summary fields
2026-08-24 16:03:08,631 INFO   DRY RUN — not loading to Supabase
2026-08-24 16:03:10,605 INFO   PARSED 2026-05-10: 96 SCADA rows, 39 states, 66 summary fields
2026-08-24 16:03:10,605 INFO   DRY RUN — not loading to Supabase
2026-08-24 16:03:12,643 INFO   PARSED 2026-05-11: 96 SCADA rows, 39 states, 66 summary fields
2026-08-24 16:03:12,643 INFO   DRY RUN — not loading to Supabase
2026-08-24 16:03:14,623 INFO   PARSED 2026-05-12: 96 SCADA rows, 39 states, 66 summary fields
2026-08-24 16:03:14,623 INFO   DRY RUN — not loading to Supabase
2026-08-24 16:03:16,579 INFO   PARSED 2026-05-13: 96 SCADA rows, 39 states, 66 summary fields
2026-08-24 16:03:16,579 INFO   DRY RUN — not loading to Supabase
2026-08-24 16:03:18,538 INFO   PARSED 2026-05-14: 96 SCADA rows, 39 states, 66 summary fields
2026-08-24 16:03:18,538 INFO   DRY RUN — not loading to Supabase
2026-08-24 16:03:18,541 INFO 
Done: 14 OK, 0 failed, 0 skipped
2026-08-24 16:03:49,244 INFO Found 14 PDFs in pdfs\raw
2026-08-24 16:03:51,931 INFO   PARSED 2026-05-01: 96 SCADA rows, 39 states, 66 summary fields
2026-08-24 16:03:54,680 INFO HTTP Request: POST https://iiutxlcayvswjhqgxibd.supabase.co/rest/v1/daily_summary?on_conflict=report_date "HTTP/2 201 Created"
2026-08-24 16:03:55,401 INFO HTTP Request: POST https://iiutxlcayvswjhqgxibd.supabase.co/rest/v1/scada_15min?on_conflict=report_date%2Ctime_block&columns=%22wind_mw%22%2C%22storage_demand_mw%22%2C%22demand_mw%22%2C%22nuclear_mw%22%2C%22total_gen_mw%22%2C%22time_block%22%2C%22transnational_mw%22%2C%22others_mw%22%2C%22solar_mw%22%2C%22hydro_mw%22%2C%22frequency_hz%22%2C%22thermal_mw%22%2C%22gas_mw%22%2C%22storage_discharge_mw%22%2C%22net_demand_mw%22%2C%22report_date%22 "HTTP/2 201 Created"
2026-08-24 16:03:57,294 INFO HTTP Request: POST https://iiutxlcayvswjhqgxibd.supabase.co/rest/v1/scada_15min?on_conflict=report_date%2Ctime_block&columns=%22wind_mw%22%2C%22storage_demand_mw%22%2C%22demand_mw%22%2C%22nuclear_mw%22%2C%22total_gen_mw%22%2C%22time_block%22%2C%22transnational_mw%22%2C%22others_mw%22%2C%22solar_mw%22%2C%22hydro_mw%22%2C%22frequency_hz%22%2C%22thermal_mw%22%2C%22gas_mw%22%2C%22storage_discharge_mw%22%2C%22net_demand_mw%22%2C%22report_date%22 "HTTP/2 201 Created"
2026-08-24 16:03:58,208 INFO HTTP Request: POST https://iiutxlcayvswjhqgxibd.supabase.co/rest/v1/state_daily?on_conflict=report_date%2Cstate&columns=%22region%22%2C%22drawal_schedule_mu%22%2C%22max_ud_mw%22%2C%22energy_met_mu%22%2C%22od_ud_mu%22%2C%22state%22%2C%22shortage_peak_mw%22%2C%22max_od_mw%22%2C%22energy_shortage_mu%22%2C%22peak_demand_mw%22%2C%22report_date%22 "HTTP/2 201 Created"
2026-08-24 16:04:00,916 INFO   PARSED 2026-05-02: 96 SCADA rows, 39 states, 66 summary fields
2026-08-24 16:04:02,325 INFO HTTP Request: POST https://iiutxlcayvswjhqgxibd.supabase.co/rest/v1/daily_summary?on_conflict=report_date "HTTP/2 201 Created"
2026-08-24 16:04:02,964 INFO HTTP Request: POST https://iiutxlcayvswjhqgxibd.supabase.co/rest/v1/scada_15min?on_conflict=report_date%2Ctime_block&columns=%22wind_mw%22%2C%22storage_demand_mw%22%2C%22demand_mw%22%2C%22nuclear_mw%22%2C%22total_gen_mw%22%2C%22time_block%22%2C%22transnational_mw%22%2C%22others_mw%22%2C%22solar_mw%22%2C%22hydro_mw%22%2C%22frequency_hz%22%2C%22thermal_mw%22%2C%22gas_mw%22%2C%22storage_discharge_mw%22%2C%22net_demand_mw%22%2C%22report_date%22 "HTTP/2 201 Created"
2026-08-24 16:04:03,595 INFO HTTP Request: POST https://iiutxlcayvswjhqgxibd.supabase.co/rest/v1/scada_15min?on_conflict=report_date%2Ctime_block&columns=%22wind_mw%22%2C%22storage_demand_mw%22%2C%22demand_mw%22%2C%22nuclear_mw%22%2C%22total_gen_mw%22%2C%22time_block%22%2C%22transnational_mw%22%2C%22others_mw%22%2C%22solar_mw%22%2C%22hydro_mw%22%2C%22frequency_hz%22%2C%22thermal_mw%22%2C%22gas_mw%22%2C%22storage_discharge_mw%22%2C%22net_demand_mw%22%2C%22report_date%22 "HTTP/2 201 Created"
2026-08-24 16:04:04,227 INFO HTTP Request: POST https://iiutxlcayvswjhqgxibd.supabase.co/rest/v1/state_daily?on_conflict=report_date%2Cstate&columns=%22region%22%2C%22drawal_schedule_mu%22%2C%22max_ud_mw%22%2C%22energy_met_mu%22%2C%22od_ud_mu%22%2C%22state%22%2C%22shortage_peak_mw%22%2C%22max_od_mw%22%2C%22energy_shortage_mu%22%2C%22peak_demand_mw%22%2C%22report_date%22 "HTTP/2 201 Created"
2026-08-24 16:04:06,851 INFO   PARSED 2026-05-03: 96 SCADA rows, 39 states, 66 summary fields
2026-08-24 16:04:08,406 INFO HTTP Request: POST https://iiutxlcayvswjhqgxibd.supabase.co/rest/v1/daily_summary?on_conflict=report_date "HTTP/2 201 Created"
2026-08-24 16:04:09,043 INFO HTTP Request: POST https://iiutxlcayvswjhqgxibd.supabase.co/rest/v1/scada_15min?on_conflict=report_date%2Ctime_block&columns=%22wind_mw%22%2C%22storage_demand_mw%22%2C%22demand_mw%22%2C%22nuclear_mw%22%2C%22total_gen_mw%22%2C%22time_block%22%2C%22transnational_mw%22%2C%22others_mw%22%2C%22solar_mw%22%2C%22hydro_mw%22%2C%22frequency_hz%22%2C%22thermal_mw%22%2C%22gas_mw%22%2C%22storage_discharge_mw%22%2C%22net_demand_mw%22%2C%22report_date%22 "HTTP/2 201 Created"
2026-08-24 16:04:09,669 INFO HTTP Request: POST https://iiutxlcayvswjhqgxibd.supabase.co/rest/v1/scada_15min?on_conflict=report_date%2Ctime_block&columns=%22wind_mw%22%2C%22storage_demand_mw%22%2C%22demand_mw%22%2C%22nuclear_mw%22%2C%22total_gen_mw%22%2C%22time_block%22%2C%22transnational_mw%22%2C%22others_mw%22%2C%22solar_mw%22%2C%22hydro_mw%22%2C%22frequency_hz%22%2C%22thermal_mw%22%2C%22gas_mw%22%2C%22storage_discharge_mw%22%2C%22net_demand_mw%22%2C%22report_date%22 "HTTP/2 201 Created"
2026-08-24 16:04:10,277 INFO HTTP Request: POST https://iiutxlcayvswjhqgxibd.supabase.co/rest/v1/state_daily?on_conflict=report_date%2Cstate&columns=%22region%22%2C%22drawal_schedule_mu%22%2C%22max_ud_mw%22%2C%22energy_met_mu%22%2C%22od_ud_mu%22%2C%22state%22%2C%22shortage_peak_mw%22%2C%22max_od_mw%22%2C%22energy_shortage_mu%22%2C%22peak_demand_mw%22%2C%22report_date%22 "HTTP/2 201 Created"
2026-08-24 16:04:13,006 INFO   PARSED 2026-05-04: 96 SCADA rows, 39 states, 66 summary fields
2026-08-24 16:04:14,382 INFO HTTP Request: POST https://iiutxlcayvswjhqgxibd.supabase.co/rest/v1/daily_summary?on_conflict=report_date "HTTP/2 201 Created"
2026-08-24 16:04:15,269 INFO HTTP Request: POST https://iiutxlcayvswjhqgxibd.supabase.co/rest/v1/scada_15min?on_conflict=report_date%2Ctime_block&columns=%22wind_mw%22%2C%22storage_demand_mw%22%2C%22demand_mw%22%2C%22nuclear_mw%22%2C%22total_gen_mw%22%2C%22time_block%22%2C%22transnational_mw%22%2C%22others_mw%22%2C%22solar_mw%22%2C%22hydro_mw%22%2C%22frequency_hz%22%2C%22thermal_mw%22%2C%22gas_mw%22%2C%22storage_discharge_mw%22%2C%22net_demand_mw%22%2C%22report_date%22 "HTTP/2 201 Created"
2026-08-24 16:04:15,873 INFO HTTP Request: POST https://iiutxlcayvswjhqgxibd.supabase.co/rest/v1/scada_15min?on_conflict=report_date%2Ctime_block&columns=%22wind_mw%22%2C%22storage_demand_mw%22%2C%22demand_mw%22%2C%22nuclear_mw%22%2C%22total_gen_mw%22%2C%22time_block%22%2C%22transnational_mw%22%2C%22others_mw%22%2C%22solar_mw%22%2C%22hydro_mw%22%2C%22frequency_hz%22%2C%22thermal_mw%22%2C%22gas_mw%22%2C%22storage_discharge_mw%22%2C%22net_demand_mw%22%2C%22report_date%22 "HTTP/2 201 Created"
2026-08-24 16:04:16,494 INFO HTTP Request: POST https://iiutxlcayvswjhqgxibd.supabase.co/rest/v1/state_daily?on_conflict=report_date%2Cstate&columns=%22region%22%2C%22drawal_schedule_mu%22%2C%22max_ud_mw%22%2C%22energy_met_mu%22%2C%22od_ud_mu%22%2C%22state%22%2C%22shortage_peak_mw%22%2C%22max_od_mw%22%2C%22energy_shortage_mu%22%2C%22peak_demand_mw%22%2C%22report_date%22 "HTTP/2 201 Created"
2026-08-24 16:04:19,344 INFO   PARSED 2026-05-05: 96 SCADA rows, 38 states, 66 summary fields
2026-08-24 16:04:20,734 INFO HTTP Request: POST https://iiutxlcayvswjhqgxibd.supabase.co/rest/v1/daily_summary?on_conflict=report_date "HTTP/2 201 Created"
2026-08-24 16:04:21,354 INFO HTTP Request: POST https://iiutxlcayvswjhqgxibd.supabase.co/rest/v1/scada_15min?on_conflict=report_date%2Ctime_block&columns=%22wind_mw%22%2C%22storage_demand_mw%22%2C%22demand_mw%22%2C%22nuclear_mw%22%2C%22total_gen_mw%22%2C%22time_block%22%2C%22transnational_mw%22%2C%22others_mw%22%2C%22solar_mw%22%2C%22hydro_mw%22%2C%22frequency_hz%22%2C%22thermal_mw%22%2C%22gas_mw%22%2C%22storage_discharge_mw%22%2C%22net_demand_mw%22%2C%22report_date%22 "HTTP/2 201 Created"
2026-08-24 16:04:21,976 INFO HTTP Request: POST https://iiutxlcayvswjhqgxibd.supabase.co/rest/v1/scada_15min?on_conflict=report_date%2Ctime_block&columns=%22wind_mw%22%2C%22storage_demand_mw%22%2C%22demand_mw%22%2C%22nuclear_mw%22%2C%22total_gen_mw%22%2C%22time_block%22%2C%22transnational_mw%22%2C%22others_mw%22%2C%22solar_mw%22%2C%22hydro_mw%22%2C%22frequency_hz%22%2C%22thermal_mw%22%2C%22gas_mw%22%2C%22storage_discharge_mw%22%2C%22net_demand_mw%22%2C%22report_date%22 "HTTP/2 201 Created"
2026-08-24 16:04:22,582 INFO HTTP Request: POST https://iiutxlcayvswjhqgxibd.supabase.co/rest/v1/state_daily?on_conflict=report_date%2Cstate&columns=%22region%22%2C%22drawal_schedule_mu%22%2C%22max_ud_mw%22%2C%22energy_met_mu%22%2C%22od_ud_mu%22%2C%22state%22%2C%22shortage_peak_mw%22%2C%22max_od_mw%22%2C%22energy_shortage_mu%22%2C%22peak_demand_mw%22%2C%22report_date%22 "HTTP/2 201 Created"
2026-08-24 16:04:25,249 INFO   PARSED 2026-05-06: 96 SCADA rows, 39 states, 66 summary fields
2026-08-24 16:04:26,761 INFO HTTP Request: POST https://iiutxlcayvswjhqgxibd.supabase.co/rest/v1/daily_summary?on_conflict=report_date "HTTP/2 201 Created"
2026-08-24 16:04:27,388 INFO HTTP Request: POST https://iiutxlcayvswjhqgxibd.supabase.co/rest/v1/scada_15min?on_conflict=report_date%2Ctime_block&columns=%22wind_mw%22%2C%22storage_demand_mw%22%2C%22demand_mw%22%2C%22nuclear_mw%22%2C%22total_gen_mw%22%2C%22time_block%22%2C%22transnational_mw%22%2C%22others_mw%22%2C%22solar_mw%22%2C%22hydro_mw%22%2C%22frequency_hz%22%2C%22thermal_mw%22%2C%22gas_mw%22%2C%22storage_discharge_mw%22%2C%22net_demand_mw%22%2C%22report_date%22 "HTTP/2 201 Created"
2026-08-24 16:04:28,041 INFO HTTP Request: POST https://iiutxlcayvswjhqgxibd.supabase.co/rest/v1/scada_15min?on_conflict=report_date%2Ctime_block&columns=%22wind_mw%22%2C%22storage_demand_mw%22%2C%22demand_mw%22%2C%22nuclear_mw%22%2C%22total_gen_mw%22%2C%22time_block%22%2C%22transnational_mw%22%2C%22others_mw%22%2C%22solar_mw%22%2C%22hydro_mw%22%2C%22frequency_hz%22%2C%22thermal_mw%22%2C%22gas_mw%22%2C%22storage_discharge_mw%22%2C%22net_demand_mw%22%2C%22report_date%22 "HTTP/2 201 Created"
2026-08-24 16:04:28,660 INFO HTTP Request: POST https://iiutxlcayvswjhqgxibd.supabase.co/rest/v1/state_daily?on_conflict=report_date%2Cstate&columns=%22region%22%2C%22drawal_schedule_mu%22%2C%22max_ud_mw%22%2C%22energy_met_mu%22%2C%22od_ud_mu%22%2C%22state%22%2C%22shortage_peak_mw%22%2C%22max_od_mw%22%2C%22energy_shortage_mu%22%2C%22peak_demand_mw%22%2C%22report_date%22 "HTTP/2 201 Created"
2026-08-24 16:04:31,407 INFO   PARSED 2026-05-07: 96 SCADA rows, 39 states, 66 summary fields
2026-08-24 16:04:32,856 INFO HTTP Request: POST https://iiutxlcayvswjhqgxibd.supabase.co/rest/v1/daily_summary?on_conflict=report_date "HTTP/2 201 Created"
2026-08-24 16:04:33,477 INFO HTTP Request: POST https://iiutxlcayvswjhqgxibd.supabase.co/rest/v1/scada_15min?on_conflict=report_date%2Ctime_block&columns=%22wind_mw%22%2C%22storage_demand_mw%22%2C%22demand_mw%22%2C%22nuclear_mw%22%2C%22total_gen_mw%22%2C%22time_block%22%2C%22transnational_mw%22%2C%22others_mw%22%2C%22solar_mw%22%2C%22hydro_mw%22%2C%22frequency_hz%22%2C%22thermal_mw%22%2C%22gas_mw%22%2C%22storage_discharge_mw%22%2C%22net_demand_mw%22%2C%22report_date%22 "HTTP/2 201 Created"
2026-08-24 16:04:34,397 INFO HTTP Request: POST https://iiutxlcayvswjhqgxibd.supabase.co/rest/v1/scada_15min?on_conflict=report_date%2Ctime_block&columns=%22wind_mw%22%2C%22storage_demand_mw%22%2C%22demand_mw%22%2C%22nuclear_mw%22%2C%22total_gen_mw%22%2C%22time_block%22%2C%22transnational_mw%22%2C%22others_mw%22%2C%22solar_mw%22%2C%22hydro_mw%22%2C%22frequency_hz%22%2C%22thermal_mw%22%2C%22gas_mw%22%2C%22storage_discharge_mw%22%2C%22net_demand_mw%22%2C%22report_date%22 "HTTP/2 201 Created"
2026-08-24 16:04:35,019 INFO HTTP Request: POST https://iiutxlcayvswjhqgxibd.supabase.co/rest/v1/state_daily?on_conflict=report_date%2Cstate&columns=%22region%22%2C%22drawal_schedule_mu%22%2C%22max_ud_mw%22%2C%22energy_met_mu%22%2C%22od_ud_mu%22%2C%22state%22%2C%22shortage_peak_mw%22%2C%22max_od_mw%22%2C%22energy_shortage_mu%22%2C%22peak_demand_mw%22%2C%22report_date%22 "HTTP/2 201 Created"
2026-08-24 16:04:37,729 INFO   PARSED 2026-05-08: 96 SCADA rows, 39 states, 66 summary fields
2026-08-24 16:04:39,102 INFO HTTP Request: POST https://iiutxlcayvswjhqgxibd.supabase.co/rest/v1/daily_summary?on_conflict=report_date "HTTP/2 201 Created"
2026-08-24 16:04:39,713 INFO HTTP Request: POST https://iiutxlcayvswjhqgxibd.supabase.co/rest/v1/scada_15min?on_conflict=report_date%2Ctime_block&columns=%22wind_mw%22%2C%22storage_demand_mw%22%2C%22demand_mw%22%2C%22nuclear_mw%22%2C%22total_gen_mw%22%2C%22time_block%22%2C%22transnational_mw%22%2C%22others_mw%22%2C%22solar_mw%22%2C%22hydro_mw%22%2C%22frequency_hz%22%2C%22thermal_mw%22%2C%22gas_mw%22%2C%22storage_discharge_mw%22%2C%22net_demand_mw%22%2C%22report_date%22 "HTTP/2 201 Created"
2026-08-24 16:04:40,328 INFO HTTP Request: POST https://iiutxlcayvswjhqgxibd.supabase.co/rest/v1/scada_15min?on_conflict=report_date%2Ctime_block&columns=%22wind_mw%22%2C%22storage_demand_mw%22%2C%22demand_mw%22%2C%22nuclear_mw%22%2C%22total_gen_mw%22%2C%22time_block%22%2C%22transnational_mw%22%2C%22others_mw%22%2C%22solar_mw%22%2C%22hydro_mw%22%2C%22frequency_hz%22%2C%22thermal_mw%22%2C%22gas_mw%22%2C%22storage_discharge_mw%22%2C%22net_demand_mw%22%2C%22report_date%22 "HTTP/2 201 Created"
2026-08-24 16:04:40,947 INFO HTTP Request: POST https://iiutxlcayvswjhqgxibd.supabase.co/rest/v1/state_daily?on_conflict=report_date%2Cstate&columns=%22region%22%2C%22drawal_schedule_mu%22%2C%22max_ud_mw%22%2C%22energy_met_mu%22%2C%22od_ud_mu%22%2C%22state%22%2C%22shortage_peak_mw%22%2C%22max_od_mw%22%2C%22energy_shortage_mu%22%2C%22peak_demand_mw%22%2C%22report_date%22 "HTTP/2 201 Created"
2026-08-24 16:04:43,633 INFO   PARSED 2026-05-09: 96 SCADA rows, 39 states, 66 summary fields
2026-08-24 16:04:45,037 INFO HTTP Request: POST https://iiutxlcayvswjhqgxibd.supabase.co/rest/v1/daily_summary?on_conflict=report_date "HTTP/2 201 Created"
2026-08-24 16:04:45,680 INFO HTTP Request: POST https://iiutxlcayvswjhqgxibd.supabase.co/rest/v1/scada_15min?on_conflict=report_date%2Ctime_block&columns=%22wind_mw%22%2C%22storage_demand_mw%22%2C%22demand_mw%22%2C%22nuclear_mw%22%2C%22total_gen_mw%22%2C%22time_block%22%2C%22transnational_mw%22%2C%22others_mw%22%2C%22solar_mw%22%2C%22hydro_mw%22%2C%22frequency_hz%22%2C%22thermal_mw%22%2C%22gas_mw%22%2C%22storage_discharge_mw%22%2C%22net_demand_mw%22%2C%22report_date%22 "HTTP/2 201 Created"
2026-08-24 16:04:46,312 INFO HTTP Request: POST https://iiutxlcayvswjhqgxibd.supabase.co/rest/v1/scada_15min?on_conflict=report_date%2Ctime_block&columns=%22wind_mw%22%2C%22storage_demand_mw%22%2C%22demand_mw%22%2C%22nuclear_mw%22%2C%22total_gen_mw%22%2C%22time_block%22%2C%22transnational_mw%22%2C%22others_mw%22%2C%22solar_mw%22%2C%22hydro_mw%22%2C%22frequency_hz%22%2C%22thermal_mw%22%2C%22gas_mw%22%2C%22storage_discharge_mw%22%2C%22net_demand_mw%22%2C%22report_date%22 "HTTP/2 201 Created"
2026-08-24 16:04:46,898 INFO HTTP Request: POST https://iiutxlcayvswjhqgxibd.supabase.co/rest/v1/state_daily?on_conflict=report_date%2Cstate&columns=%22region%22%2C%22drawal_schedule_mu%22%2C%22max_ud_mw%22%2C%22energy_met_mu%22%2C%22od_ud_mu%22%2C%22state%22%2C%22shortage_peak_mw%22%2C%22max_od_mw%22%2C%22energy_shortage_mu%22%2C%22peak_demand_mw%22%2C%22report_date%22 "HTTP/2 201 Created"
2026-08-24 16:04:49,629 INFO   PARSED 2026-05-10: 96 SCADA rows, 39 states, 66 summary fields
2026-08-24 16:04:51,033 INFO HTTP Request: POST https://iiutxlcayvswjhqgxibd.supabase.co/rest/v1/daily_summary?on_conflict=report_date "HTTP/2 201 Created"
2026-08-24 16:04:51,655 INFO HTTP Request: POST https://iiutxlcayvswjhqgxibd.supabase.co/rest/v1/scada_15min?on_conflict=report_date%2Ctime_block&columns=%22wind_mw%22%2C%22storage_demand_mw%22%2C%22demand_mw%22%2C%22nuclear_mw%22%2C%22total_gen_mw%22%2C%22time_block%22%2C%22transnational_mw%22%2C%22others_mw%22%2C%22solar_mw%22%2C%22hydro_mw%22%2C%22frequency_hz%22%2C%22thermal_mw%22%2C%22gas_mw%22%2C%22storage_discharge_mw%22%2C%22net_demand_mw%22%2C%22report_date%22 "HTTP/2 201 Created"
2026-08-24 16:04:52,296 INFO HTTP Request: POST https://iiutxlcayvswjhqgxibd.supabase.co/rest/v1/scada_15min?on_conflict=report_date%2Ctime_block&columns=%22wind_mw%22%2C%22storage_demand_mw%22%2C%22demand_mw%22%2C%22nuclear_mw%22%2C%22total_gen_mw%22%2C%22time_block%22%2C%22transnational_mw%22%2C%22others_mw%22%2C%22solar_mw%22%2C%22hydro_mw%22%2C%22frequency_hz%22%2C%22thermal_mw%22%2C%22gas_mw%22%2C%22storage_discharge_mw%22%2C%22net_demand_mw%22%2C%22report_date%22 "HTTP/2 201 Created"
2026-08-24 16:04:52,904 INFO HTTP Request: POST https://iiutxlcayvswjhqgxibd.supabase.co/rest/v1/state_daily?on_conflict=report_date%2Cstate&columns=%22region%22%2C%22drawal_schedule_mu%22%2C%22max_ud_mw%22%2C%22energy_met_mu%22%2C%22od_ud_mu%22%2C%22state%22%2C%22shortage_peak_mw%22%2C%22max_od_mw%22%2C%22energy_shortage_mu%22%2C%22peak_demand_mw%22%2C%22report_date%22 "HTTP/2 201 Created"
2026-08-24 16:04:55,755 INFO   PARSED 2026-05-11: 96 SCADA rows, 39 states, 66 summary fields
2026-08-24 16:04:57,150 INFO HTTP Request: POST https://iiutxlcayvswjhqgxibd.supabase.co/rest/v1/daily_summary?on_conflict=report_date "HTTP/2 201 Created"
2026-08-24 16:04:57,771 INFO HTTP Request: POST https://iiutxlcayvswjhqgxibd.supabase.co/rest/v1/scada_15min?on_conflict=report_date%2Ctime_block&columns=%22wind_mw%22%2C%22storage_demand_mw%22%2C%22demand_mw%22%2C%22nuclear_mw%22%2C%22total_gen_mw%22%2C%22time_block%22%2C%22transnational_mw%22%2C%22others_mw%22%2C%22solar_mw%22%2C%22hydro_mw%22%2C%22frequency_hz%22%2C%22thermal_mw%22%2C%22gas_mw%22%2C%22storage_discharge_mw%22%2C%22net_demand_mw%22%2C%22report_date%22 "HTTP/2 201 Created"
2026-08-24 16:04:58,394 INFO HTTP Request: POST https://iiutxlcayvswjhqgxibd.supabase.co/rest/v1/scada_15min?on_conflict=report_date%2Ctime_block&columns=%22wind_mw%22%2C%22storage_demand_mw%22%2C%22demand_mw%22%2C%22nuclear_mw%22%2C%22total_gen_mw%22%2C%22time_block%22%2C%22transnational_mw%22%2C%22others_mw%22%2C%22solar_mw%22%2C%22hydro_mw%22%2C%22frequency_hz%22%2C%22thermal_mw%22%2C%22gas_mw%22%2C%22storage_discharge_mw%22%2C%22net_demand_mw%22%2C%22report_date%22 "HTTP/2 201 Created"
2026-08-24 16:04:59,035 INFO HTTP Request: POST https://iiutxlcayvswjhqgxibd.supabase.co/rest/v1/state_daily?on_conflict=report_date%2Cstate&columns=%22region%22%2C%22drawal_schedule_mu%22%2C%22max_ud_mw%22%2C%22energy_met_mu%22%2C%22od_ud_mu%22%2C%22state%22%2C%22shortage_peak_mw%22%2C%22max_od_mw%22%2C%22energy_shortage_mu%22%2C%22peak_demand_mw%22%2C%22report_date%22 "HTTP/2 201 Created"
2026-08-24 16:05:01,822 INFO   PARSED 2026-05-12: 96 SCADA rows, 39 states, 66 summary fields
2026-08-24 16:05:03,211 INFO HTTP Request: POST https://iiutxlcayvswjhqgxibd.supabase.co/rest/v1/daily_summary?on_conflict=report_date "HTTP/2 201 Created"
2026-08-24 16:05:03,845 INFO HTTP Request: POST https://iiutxlcayvswjhqgxibd.supabase.co/rest/v1/scada_15min?on_conflict=report_date%2Ctime_block&columns=%22wind_mw%22%2C%22storage_demand_mw%22%2C%22demand_mw%22%2C%22nuclear_mw%22%2C%22total_gen_mw%22%2C%22time_block%22%2C%22transnational_mw%22%2C%22others_mw%22%2C%22solar_mw%22%2C%22hydro_mw%22%2C%22frequency_hz%22%2C%22thermal_mw%22%2C%22gas_mw%22%2C%22storage_discharge_mw%22%2C%22net_demand_mw%22%2C%22report_date%22 "HTTP/2 201 Created"
2026-08-24 16:05:04,468 INFO HTTP Request: POST https://iiutxlcayvswjhqgxibd.supabase.co/rest/v1/scada_15min?on_conflict=report_date%2Ctime_block&columns=%22wind_mw%22%2C%22storage_demand_mw%22%2C%22demand_mw%22%2C%22nuclear_mw%22%2C%22total_gen_mw%22%2C%22time_block%22%2C%22transnational_mw%22%2C%22others_mw%22%2C%22solar_mw%22%2C%22hydro_mw%22%2C%22frequency_hz%22%2C%22thermal_mw%22%2C%22gas_mw%22%2C%22storage_discharge_mw%22%2C%22net_demand_mw%22%2C%22report_date%22 "HTTP/2 201 Created"
2026-08-24 16:05:05,077 INFO HTTP Request: POST https://iiutxlcayvswjhqgxibd.supabase.co/rest/v1/state_daily?on_conflict=report_date%2Cstate&columns=%22region%22%2C%22drawal_schedule_mu%22%2C%22max_ud_mw%22%2C%22energy_met_mu%22%2C%22od_ud_mu%22%2C%22state%22%2C%22shortage_peak_mw%22%2C%22max_od_mw%22%2C%22energy_shortage_mu%22%2C%22peak_demand_mw%22%2C%22report_date%22 "HTTP/2 201 Created"
2026-08-24 16:05:07,936 INFO   PARSED 2026-05-13: 96 SCADA rows, 39 states, 66 summary fields
2026-08-24 16:05:09,307 INFO HTTP Request: POST https://iiutxlcayvswjhqgxibd.supabase.co/rest/v1/daily_summary?on_conflict=report_date "HTTP/2 201 Created"
2026-08-24 16:05:09,931 INFO HTTP Request: POST https://iiutxlcayvswjhqgxibd.supabase.co/rest/v1/scada_15min?on_conflict=report_date%2Ctime_block&columns=%22wind_mw%22%2C%22storage_demand_mw%22%2C%22demand_mw%22%2C%22nuclear_mw%22%2C%22total_gen_mw%22%2C%22time_block%22%2C%22transnational_mw%22%2C%22others_mw%22%2C%22solar_mw%22%2C%22hydro_mw%22%2C%22frequency_hz%22%2C%22thermal_mw%22%2C%22gas_mw%22%2C%22storage_discharge_mw%22%2C%22net_demand_mw%22%2C%22report_date%22 "HTTP/2 201 Created"
2026-08-24 16:05:10,559 INFO HTTP Request: POST https://iiutxlcayvswjhqgxibd.supabase.co/rest/v1/scada_15min?on_conflict=report_date%2Ctime_block&columns=%22wind_mw%22%2C%22storage_demand_mw%22%2C%22demand_mw%22%2C%22nuclear_mw%22%2C%22total_gen_mw%22%2C%22time_block%22%2C%22transnational_mw%22%2C%22others_mw%22%2C%22solar_mw%22%2C%22hydro_mw%22%2C%22frequency_hz%22%2C%22thermal_mw%22%2C%22gas_mw%22%2C%22storage_discharge_mw%22%2C%22net_demand_mw%22%2C%22report_date%22 "HTTP/2 201 Created"
2026-08-24 16:05:11,177 INFO HTTP Request: POST https://iiutxlcayvswjhqgxibd.supabase.co/rest/v1/state_daily?on_conflict=report_date%2Cstate&columns=%22region%22%2C%22drawal_schedule_mu%22%2C%22max_ud_mw%22%2C%22energy_met_mu%22%2C%22od_ud_mu%22%2C%22state%22%2C%22shortage_peak_mw%22%2C%22max_od_mw%22%2C%22energy_shortage_mu%22%2C%22peak_demand_mw%22%2C%22report_date%22 "HTTP/2 201 Created"
2026-08-24 16:05:14,019 INFO   PARSED 2026-05-14: 96 SCADA rows, 39 states, 66 summary fields
2026-08-24 16:05:15,402 INFO HTTP Request: POST https://iiutxlcayvswjhqgxibd.supabase.co/rest/v1/daily_summary?on_conflict=report_date "HTTP/2 201 Created"
2026-08-24 16:05:16,034 INFO HTTP Request: POST https://iiutxlcayvswjhqgxibd.supabase.co/rest/v1/scada_15min?on_conflict=report_date%2Ctime_block&columns=%22wind_mw%22%2C%22storage_demand_mw%22%2C%22demand_mw%22%2C%22nuclear_mw%22%2C%22total_gen_mw%22%2C%22time_block%22%2C%22transnational_mw%22%2C%22others_mw%22%2C%22solar_mw%22%2C%22hydro_mw%22%2C%22frequency_hz%22%2C%22thermal_mw%22%2C%22gas_mw%22%2C%22storage_discharge_mw%22%2C%22net_demand_mw%22%2C%22report_date%22 "HTTP/2 201 Created"
2026-08-24 16:05:16,656 INFO HTTP Request: POST https://iiutxlcayvswjhqgxibd.supabase.co/rest/v1/scada_15min?on_conflict=report_date%2Ctime_block&columns=%22wind_mw%22%2C%22storage_demand_mw%22%2C%22demand_mw%22%2C%22nuclear_mw%22%2C%22total_gen_mw%22%2C%22time_block%22%2C%22transnational_mw%22%2C%22others_mw%22%2C%22solar_mw%22%2C%22hydro_mw%22%2C%22frequency_hz%22%2C%22thermal_mw%22%2C%22gas_mw%22%2C%22storage_discharge_mw%22%2C%22net_demand_mw%22%2C%22report_date%22 "HTTP/2 201 Created"
2026-08-24 16:05:17,278 INFO HTTP Request: POST https://iiutxlcayvswjhqgxibd.supabase.co/rest/v1/state_daily?on_conflict=report_date%2Cstate&columns=%22region%22%2C%22drawal_schedule_mu%22%2C%22max_ud_mw%22%2C%22energy_met_mu%22%2C%22od_ud_mu%22%2C%22state%22%2C%22shortage_peak_mw%22%2C%22max_od_mw%22%2C%22energy_shortage_mu%22%2C%22peak_demand_mw%22%2C%22report_date%22 "HTTP/2 201 Created"
2026-08-24 16:05:17,287 INFO 
Done: 14 OK, 0 failed, 0 skipped
2026-08-24 16:12:20,156 INFO Found 17 PDFs in pdfs\raw
2026-08-24 16:12:22,825 INFO   PARSED 2026-05-15: 96 SCADA rows, 39 states, 66 summary fields
2026-08-24 16:12:24,888 INFO HTTP Request: POST https://iiutxlcayvswjhqgxibd.supabase.co/rest/v1/daily_summary?on_conflict=report_date "HTTP/2 201 Created"
2026-08-24 16:12:25,497 INFO HTTP Request: POST https://iiutxlcayvswjhqgxibd.supabase.co/rest/v1/scada_15min?on_conflict=report_date%2Ctime_block&columns=%22gas_mw%22%2C%22nuclear_mw%22%2C%22hydro_mw%22%2C%22total_gen_mw%22%2C%22transnational_mw%22%2C%22thermal_mw%22%2C%22storage_demand_mw%22%2C%22solar_mw%22%2C%22others_mw%22%2C%22demand_mw%22%2C%22net_demand_mw%22%2C%22storage_discharge_mw%22%2C%22time_block%22%2C%22wind_mw%22%2C%22frequency_hz%22%2C%22report_date%22 "HTTP/2 201 Created"
2026-08-24 16:12:26,116 INFO HTTP Request: POST https://iiutxlcayvswjhqgxibd.supabase.co/rest/v1/scada_15min?on_conflict=report_date%2Ctime_block&columns=%22gas_mw%22%2C%22nuclear_mw%22%2C%22hydro_mw%22%2C%22total_gen_mw%22%2C%22transnational_mw%22%2C%22thermal_mw%22%2C%22storage_demand_mw%22%2C%22solar_mw%22%2C%22others_mw%22%2C%22demand_mw%22%2C%22net_demand_mw%22%2C%22storage_discharge_mw%22%2C%22time_block%22%2C%22wind_mw%22%2C%22frequency_hz%22%2C%22report_date%22 "HTTP/2 201 Created"
2026-08-24 16:12:26,709 INFO HTTP Request: POST https://iiutxlcayvswjhqgxibd.supabase.co/rest/v1/state_daily?on_conflict=report_date%2Cstate&columns=%22state%22%2C%22drawal_schedule_mu%22%2C%22shortage_peak_mw%22%2C%22max_ud_mw%22%2C%22region%22%2C%22energy_shortage_mu%22%2C%22max_od_mw%22%2C%22energy_met_mu%22%2C%22peak_demand_mw%22%2C%22od_ud_mu%22%2C%22report_date%22 "HTTP/2 201 Created"
2026-08-24 16:12:29,597 INFO   PARSED 2026-05-16: 96 SCADA rows, 39 states, 66 summary fields
2026-08-24 16:12:31,247 INFO HTTP Request: POST https://iiutxlcayvswjhqgxibd.supabase.co/rest/v1/daily_summary?on_conflict=report_date "HTTP/2 201 Created"
2026-08-24 16:12:31,912 INFO HTTP Request: POST https://iiutxlcayvswjhqgxibd.supabase.co/rest/v1/scada_15min?on_conflict=report_date%2Ctime_block&columns=%22gas_mw%22%2C%22nuclear_mw%22%2C%22hydro_mw%22%2C%22total_gen_mw%22%2C%22transnational_mw%22%2C%22thermal_mw%22%2C%22storage_demand_mw%22%2C%22solar_mw%22%2C%22others_mw%22%2C%22demand_mw%22%2C%22net_demand_mw%22%2C%22storage_discharge_mw%22%2C%22time_block%22%2C%22wind_mw%22%2C%22frequency_hz%22%2C%22report_date%22 "HTTP/2 201 Created"
2026-08-24 16:12:32,576 INFO HTTP Request: POST https://iiutxlcayvswjhqgxibd.supabase.co/rest/v1/scada_15min?on_conflict=report_date%2Ctime_block&columns=%22gas_mw%22%2C%22nuclear_mw%22%2C%22hydro_mw%22%2C%22total_gen_mw%22%2C%22transnational_mw%22%2C%22thermal_mw%22%2C%22storage_demand_mw%22%2C%22solar_mw%22%2C%22others_mw%22%2C%22demand_mw%22%2C%22net_demand_mw%22%2C%22storage_discharge_mw%22%2C%22time_block%22%2C%22wind_mw%22%2C%22frequency_hz%22%2C%22report_date%22 "HTTP/2 201 Created"
2026-08-24 16:12:33,391 INFO HTTP Request: POST https://iiutxlcayvswjhqgxibd.supabase.co/rest/v1/state_daily?on_conflict=report_date%2Cstate&columns=%22state%22%2C%22drawal_schedule_mu%22%2C%22shortage_peak_mw%22%2C%22max_ud_mw%22%2C%22region%22%2C%22energy_shortage_mu%22%2C%22max_od_mw%22%2C%22energy_met_mu%22%2C%22peak_demand_mw%22%2C%22od_ud_mu%22%2C%22report_date%22 "HTTP/2 201 Created"
2026-08-24 16:12:37,360 INFO   PARSED 2026-05-17: 96 SCADA rows, 38 states, 66 summary fields
2026-08-24 16:12:38,456 INFO HTTP Request: POST https://iiutxlcayvswjhqgxibd.supabase.co/rest/v1/daily_summary?on_conflict=report_date "HTTP/2 201 Created"
2026-08-24 16:12:38,961 INFO HTTP Request: POST https://iiutxlcayvswjhqgxibd.supabase.co/rest/v1/scada_15min?on_conflict=report_date%2Ctime_block&columns=%22gas_mw%22%2C%22nuclear_mw%22%2C%22hydro_mw%22%2C%22total_gen_mw%22%2C%22transnational_mw%22%2C%22thermal_mw%22%2C%22storage_demand_mw%22%2C%22solar_mw%22%2C%22others_mw%22%2C%22demand_mw%22%2C%22net_demand_mw%22%2C%22storage_discharge_mw%22%2C%22time_block%22%2C%22wind_mw%22%2C%22frequency_hz%22%2C%22report_date%22 "HTTP/2 201 Created"
2026-08-24 16:12:39,487 INFO HTTP Request: POST https://iiutxlcayvswjhqgxibd.supabase.co/rest/v1/scada_15min?on_conflict=report_date%2Ctime_block&columns=%22gas_mw%22%2C%22nuclear_mw%22%2C%22hydro_mw%22%2C%22total_gen_mw%22%2C%22transnational_mw%22%2C%22thermal_mw%22%2C%22storage_demand_mw%22%2C%22solar_mw%22%2C%22others_mw%22%2C%22demand_mw%22%2C%22net_demand_mw%22%2C%22storage_discharge_mw%22%2C%22time_block%22%2C%22wind_mw%22%2C%22frequency_hz%22%2C%22report_date%22 "HTTP/2 201 Created"
2026-08-24 16:12:40,049 INFO HTTP Request: POST https://iiutxlcayvswjhqgxibd.supabase.co/rest/v1/state_daily?on_conflict=report_date%2Cstate&columns=%22state%22%2C%22drawal_schedule_mu%22%2C%22shortage_peak_mw%22%2C%22max_ud_mw%22%2C%22region%22%2C%22energy_shortage_mu%22%2C%22max_od_mw%22%2C%22energy_met_mu%22%2C%22peak_demand_mw%22%2C%22od_ud_mu%22%2C%22report_date%22 "HTTP/2 201 Created"
2026-08-24 16:12:43,588 INFO   PARSED 2026-05-18: 96 SCADA rows, 39 states, 66 summary fields
2026-08-24 16:12:45,674 INFO HTTP Request: POST https://iiutxlcayvswjhqgxibd.supabase.co/rest/v1/daily_summary?on_conflict=report_date "HTTP/2 201 Created"
2026-08-24 16:12:46,176 INFO HTTP Request: POST https://iiutxlcayvswjhqgxibd.supabase.co/rest/v1/scada_15min?on_conflict=report_date%2Ctime_block&columns=%22gas_mw%22%2C%22nuclear_mw%22%2C%22hydro_mw%22%2C%22total_gen_mw%22%2C%22transnational_mw%22%2C%22thermal_mw%22%2C%22storage_demand_mw%22%2C%22solar_mw%22%2C%22others_mw%22%2C%22demand_mw%22%2C%22net_demand_mw%22%2C%22storage_discharge_mw%22%2C%22time_block%22%2C%22wind_mw%22%2C%22frequency_hz%22%2C%22report_date%22 "HTTP/2 201 Created"
2026-08-24 16:12:46,669 INFO HTTP Request: POST https://iiutxlcayvswjhqgxibd.supabase.co/rest/v1/scada_15min?on_conflict=report_date%2Ctime_block&columns=%22gas_mw%22%2C%22nuclear_mw%22%2C%22hydro_mw%22%2C%22total_gen_mw%22%2C%22transnational_mw%22%2C%22thermal_mw%22%2C%22storage_demand_mw%22%2C%22solar_mw%22%2C%22others_mw%22%2C%22demand_mw%22%2C%22net_demand_mw%22%2C%22storage_discharge_mw%22%2C%22time_block%22%2C%22wind_mw%22%2C%22frequency_hz%22%2C%22report_date%22 "HTTP/2 201 Created"
2026-08-24 16:12:47,218 INFO HTTP Request: POST https://iiutxlcayvswjhqgxibd.supabase.co/rest/v1/state_daily?on_conflict=report_date%2Cstate&columns=%22state%22%2C%22drawal_schedule_mu%22%2C%22shortage_peak_mw%22%2C%22max_ud_mw%22%2C%22region%22%2C%22energy_shortage_mu%22%2C%22max_od_mw%22%2C%22energy_met_mu%22%2C%22peak_demand_mw%22%2C%22od_ud_mu%22%2C%22report_date%22 "HTTP/2 201 Created"
2026-08-24 16:12:50,335 INFO   PARSED 2026-05-19: 96 SCADA rows, 39 states, 66 summary fields
2026-08-24 16:12:52,294 INFO HTTP Request: POST https://iiutxlcayvswjhqgxibd.supabase.co/rest/v1/daily_summary?on_conflict=report_date "HTTP/2 201 Created"
2026-08-24 16:12:52,912 INFO HTTP Request: POST https://iiutxlcayvswjhqgxibd.supabase.co/rest/v1/scada_15min?on_conflict=report_date%2Ctime_block&columns=%22gas_mw%22%2C%22nuclear_mw%22%2C%22hydro_mw%22%2C%22total_gen_mw%22%2C%22transnational_mw%22%2C%22thermal_mw%22%2C%22storage_demand_mw%22%2C%22solar_mw%22%2C%22others_mw%22%2C%22demand_mw%22%2C%22net_demand_mw%22%2C%22storage_discharge_mw%22%2C%22time_block%22%2C%22wind_mw%22%2C%22frequency_hz%22%2C%22report_date%22 "HTTP/2 201 Created"
2026-08-24 16:12:53,426 INFO HTTP Request: POST https://iiutxlcayvswjhqgxibd.supabase.co/rest/v1/scada_15min?on_conflict=report_date%2Ctime_block&columns=%22gas_mw%22%2C%22nuclear_mw%22%2C%22hydro_mw%22%2C%22total_gen_mw%22%2C%22transnational_mw%22%2C%22thermal_mw%22%2C%22storage_demand_mw%22%2C%22solar_mw%22%2C%22others_mw%22%2C%22demand_mw%22%2C%22net_demand_mw%22%2C%22storage_discharge_mw%22%2C%22time_block%22%2C%22wind_mw%22%2C%22frequency_hz%22%2C%22report_date%22 "HTTP/2 201 Created"
2026-08-24 16:12:53,922 INFO HTTP Request: POST https://iiutxlcayvswjhqgxibd.supabase.co/rest/v1/state_daily?on_conflict=report_date%2Cstate&columns=%22state%22%2C%22drawal_schedule_mu%22%2C%22shortage_peak_mw%22%2C%22max_ud_mw%22%2C%22region%22%2C%22energy_shortage_mu%22%2C%22max_od_mw%22%2C%22energy_met_mu%22%2C%22peak_demand_mw%22%2C%22od_ud_mu%22%2C%22report_date%22 "HTTP/2 201 Created"
2026-08-24 16:12:56,039 INFO   PARSED 2026-05-20: 96 SCADA rows, 39 states, 66 summary fields
2026-08-24 16:12:57,188 INFO HTTP Request: POST https://iiutxlcayvswjhqgxibd.supabase.co/rest/v1/daily_summary?on_conflict=report_date "HTTP/2 201 Created"
2026-08-24 16:12:57,697 INFO HTTP Request: POST https://iiutxlcayvswjhqgxibd.supabase.co/rest/v1/scada_15min?on_conflict=report_date%2Ctime_block&columns=%22gas_mw%22%2C%22nuclear_mw%22%2C%22hydro_mw%22%2C%22total_gen_mw%22%2C%22transnational_mw%22%2C%22thermal_mw%22%2C%22storage_demand_mw%22%2C%22solar_mw%22%2C%22others_mw%22%2C%22demand_mw%22%2C%22net_demand_mw%22%2C%22storage_discharge_mw%22%2C%22time_block%22%2C%22wind_mw%22%2C%22frequency_hz%22%2C%22report_date%22 "HTTP/2 201 Created"
2026-08-24 16:12:58,298 INFO HTTP Request: POST https://iiutxlcayvswjhqgxibd.supabase.co/rest/v1/scada_15min?on_conflict=report_date%2Ctime_block&columns=%22gas_mw%22%2C%22nuclear_mw%22%2C%22hydro_mw%22%2C%22total_gen_mw%22%2C%22transnational_mw%22%2C%22thermal_mw%22%2C%22storage_demand_mw%22%2C%22solar_mw%22%2C%22others_mw%22%2C%22demand_mw%22%2C%22net_demand_mw%22%2C%22storage_discharge_mw%22%2C%22time_block%22%2C%22wind_mw%22%2C%22frequency_hz%22%2C%22report_date%22 "HTTP/2 201 Created"
2026-08-24 16:12:58,938 INFO HTTP Request: POST https://iiutxlcayvswjhqgxibd.supabase.co/rest/v1/state_daily?on_conflict=report_date%2Cstate&columns=%22state%22%2C%22drawal_schedule_mu%22%2C%22shortage_peak_mw%22%2C%22max_ud_mw%22%2C%22region%22%2C%22energy_shortage_mu%22%2C%22max_od_mw%22%2C%22energy_met_mu%22%2C%22peak_demand_mw%22%2C%22od_ud_mu%22%2C%22report_date%22 "HTTP/2 201 Created"
2026-08-24 16:13:01,735 INFO   PARSED 2026-05-21: 94 SCADA rows, 39 states, 66 summary fields
2026-08-24 16:13:03,174 INFO HTTP Request: POST https://iiutxlcayvswjhqgxibd.supabase.co/rest/v1/daily_summary?on_conflict=report_date "HTTP/2 201 Created"
2026-08-24 16:13:03,888 INFO HTTP Request: POST https://iiutxlcayvswjhqgxibd.supabase.co/rest/v1/scada_15min?on_conflict=report_date%2Ctime_block&columns=%22gas_mw%22%2C%22nuclear_mw%22%2C%22hydro_mw%22%2C%22total_gen_mw%22%2C%22transnational_mw%22%2C%22thermal_mw%22%2C%22storage_demand_mw%22%2C%22solar_mw%22%2C%22others_mw%22%2C%22demand_mw%22%2C%22net_demand_mw%22%2C%22storage_discharge_mw%22%2C%22time_block%22%2C%22wind_mw%22%2C%22frequency_hz%22%2C%22report_date%22 "HTTP/2 201 Created"
2026-08-24 16:13:04,520 INFO HTTP Request: POST https://iiutxlcayvswjhqgxibd.supabase.co/rest/v1/scada_15min?on_conflict=report_date%2Ctime_block&columns=%22gas_mw%22%2C%22nuclear_mw%22%2C%22hydro_mw%22%2C%22total_gen_mw%22%2C%22transnational_mw%22%2C%22thermal_mw%22%2C%22storage_demand_mw%22%2C%22solar_mw%22%2C%22others_mw%22%2C%22demand_mw%22%2C%22net_demand_mw%22%2C%22storage_discharge_mw%22%2C%22time_block%22%2C%22wind_mw%22%2C%22frequency_hz%22%2C%22report_date%22 "HTTP/2 201 Created"
2026-08-24 16:13:05,124 INFO HTTP Request: POST https://iiutxlcayvswjhqgxibd.supabase.co/rest/v1/state_daily?on_conflict=report_date%2Cstate&columns=%22state%22%2C%22drawal_schedule_mu%22%2C%22shortage_peak_mw%22%2C%22max_ud_mw%22%2C%22region%22%2C%22energy_shortage_mu%22%2C%22max_od_mw%22%2C%22energy_met_mu%22%2C%22peak_demand_mw%22%2C%22od_ud_mu%22%2C%22report_date%22 "HTTP/2 201 Created"
2026-08-24 16:13:08,907 INFO   PARSED 2026-05-22: 96 SCADA rows, 39 states, 66 summary fields
2026-08-24 16:13:10,173 INFO HTTP Request: POST https://iiutxlcayvswjhqgxibd.supabase.co/rest/v1/daily_summary?on_conflict=report_date "HTTP/2 201 Created"
2026-08-24 16:13:10,769 INFO HTTP Request: POST https://iiutxlcayvswjhqgxibd.supabase.co/rest/v1/scada_15min?on_conflict=report_date%2Ctime_block&columns=%22gas_mw%22%2C%22nuclear_mw%22%2C%22hydro_mw%22%2C%22total_gen_mw%22%2C%22transnational_mw%22%2C%22thermal_mw%22%2C%22storage_demand_mw%22%2C%22solar_mw%22%2C%22others_mw%22%2C%22demand_mw%22%2C%22net_demand_mw%22%2C%22storage_discharge_mw%22%2C%22time_block%22%2C%22wind_mw%22%2C%22frequency_hz%22%2C%22report_date%22 "HTTP/2 201 Created"
2026-08-24 16:13:11,311 INFO HTTP Request: POST https://iiutxlcayvswjhqgxibd.supabase.co/rest/v1/scada_15min?on_conflict=report_date%2Ctime_block&columns=%22gas_mw%22%2C%22nuclear_mw%22%2C%22hydro_mw%22%2C%22total_gen_mw%22%2C%22transnational_mw%22%2C%22thermal_mw%22%2C%22storage_demand_mw%22%2C%22solar_mw%22%2C%22others_mw%22%2C%22demand_mw%22%2C%22net_demand_mw%22%2C%22storage_discharge_mw%22%2C%22time_block%22%2C%22wind_mw%22%2C%22frequency_hz%22%2C%22report_date%22 "HTTP/2 201 Created"
2026-08-24 16:13:11,866 INFO HTTP Request: POST https://iiutxlcayvswjhqgxibd.supabase.co/rest/v1/state_daily?on_conflict=report_date%2Cstate&columns=%22state%22%2C%22drawal_schedule_mu%22%2C%22shortage_peak_mw%22%2C%22max_ud_mw%22%2C%22region%22%2C%22energy_shortage_mu%22%2C%22max_od_mw%22%2C%22energy_met_mu%22%2C%22peak_demand_mw%22%2C%22od_ud_mu%22%2C%22report_date%22 "HTTP/2 201 Created"
2026-08-24 16:13:15,921 INFO   PARSED 2026-05-23: 96 SCADA rows, 39 states, 66 summary fields
2026-08-24 16:13:17,188 INFO HTTP Request: POST https://iiutxlcayvswjhqgxibd.supabase.co/rest/v1/daily_summary?on_conflict=report_date "HTTP/2 201 Created"
2026-08-24 16:13:17,708 INFO HTTP Request: POST https://iiutxlcayvswjhqgxibd.supabase.co/rest/v1/scada_15min?on_conflict=report_date%2Ctime_block&columns=%22gas_mw%22%2C%22nuclear_mw%22%2C%22hydro_mw%22%2C%22total_gen_mw%22%2C%22transnational_mw%22%2C%22thermal_mw%22%2C%22storage_demand_mw%22%2C%22solar_mw%22%2C%22others_mw%22%2C%22demand_mw%22%2C%22net_demand_mw%22%2C%22storage_discharge_mw%22%2C%22time_block%22%2C%22wind_mw%22%2C%22frequency_hz%22%2C%22report_date%22 "HTTP/2 201 Created"
2026-08-24 16:13:18,205 INFO HTTP Request: POST https://iiutxlcayvswjhqgxibd.supabase.co/rest/v1/scada_15min?on_conflict=report_date%2Ctime_block&columns=%22gas_mw%22%2C%22nuclear_mw%22%2C%22hydro_mw%22%2C%22total_gen_mw%22%2C%22transnational_mw%22%2C%22thermal_mw%22%2C%22storage_demand_mw%22%2C%22solar_mw%22%2C%22others_mw%22%2C%22demand_mw%22%2C%22net_demand_mw%22%2C%22storage_discharge_mw%22%2C%22time_block%22%2C%22wind_mw%22%2C%22frequency_hz%22%2C%22report_date%22 "HTTP/2 201 Created"
2026-08-24 16:13:18,797 INFO HTTP Request: POST https://iiutxlcayvswjhqgxibd.supabase.co/rest/v1/state_daily?on_conflict=report_date%2Cstate&columns=%22state%22%2C%22drawal_schedule_mu%22%2C%22shortage_peak_mw%22%2C%22max_ud_mw%22%2C%22region%22%2C%22energy_shortage_mu%22%2C%22max_od_mw%22%2C%22energy_met_mu%22%2C%22peak_demand_mw%22%2C%22od_ud_mu%22%2C%22report_date%22 "HTTP/2 201 Created"
2026-08-24 16:13:21,820 INFO   PARSED 2026-05-24: 96 SCADA rows, 39 states, 66 summary fields
2026-08-24 16:13:23,340 INFO HTTP Request: POST https://iiutxlcayvswjhqgxibd.supabase.co/rest/v1/daily_summary?on_conflict=report_date "HTTP/2 201 Created"
2026-08-24 16:13:23,954 INFO HTTP Request: POST https://iiutxlcayvswjhqgxibd.supabase.co/rest/v1/scada_15min?on_conflict=report_date%2Ctime_block&columns=%22gas_mw%22%2C%22nuclear_mw%22%2C%22hydro_mw%22%2C%22total_gen_mw%22%2C%22transnational_mw%22%2C%22thermal_mw%22%2C%22storage_demand_mw%22%2C%22solar_mw%22%2C%22others_mw%22%2C%22demand_mw%22%2C%22net_demand_mw%22%2C%22storage_discharge_mw%22%2C%22time_block%22%2C%22wind_mw%22%2C%22frequency_hz%22%2C%22report_date%22 "HTTP/2 201 Created"
2026-08-24 16:13:24,558 INFO HTTP Request: POST https://iiutxlcayvswjhqgxibd.supabase.co/rest/v1/scada_15min?on_conflict=report_date%2Ctime_block&columns=%22gas_mw%22%2C%22nuclear_mw%22%2C%22hydro_mw%22%2C%22total_gen_mw%22%2C%22transnational_mw%22%2C%22thermal_mw%22%2C%22storage_demand_mw%22%2C%22solar_mw%22%2C%22others_mw%22%2C%22demand_mw%22%2C%22net_demand_mw%22%2C%22storage_discharge_mw%22%2C%22time_block%22%2C%22wind_mw%22%2C%22frequency_hz%22%2C%22report_date%22 "HTTP/2 201 Created"
2026-08-24 16:13:25,209 INFO HTTP Request: POST https://iiutxlcayvswjhqgxibd.supabase.co/rest/v1/state_daily?on_conflict=report_date%2Cstate&columns=%22state%22%2C%22drawal_schedule_mu%22%2C%22shortage_peak_mw%22%2C%22max_ud_mw%22%2C%22region%22%2C%22energy_shortage_mu%22%2C%22max_od_mw%22%2C%22energy_met_mu%22%2C%22peak_demand_mw%22%2C%22od_ud_mu%22%2C%22report_date%22 "HTTP/2 201 Created"
2026-08-24 16:13:28,653 INFO   PARSED 2026-05-25: 91 SCADA rows, 39 states, 66 summary fields
2026-08-24 16:13:30,605 INFO HTTP Request: POST https://iiutxlcayvswjhqgxibd.supabase.co/rest/v1/daily_summary?on_conflict=report_date "HTTP/2 201 Created"
2026-08-24 16:13:31,127 INFO HTTP Request: POST https://iiutxlcayvswjhqgxibd.supabase.co/rest/v1/scada_15min?on_conflict=report_date%2Ctime_block&columns=%22gas_mw%22%2C%22nuclear_mw%22%2C%22hydro_mw%22%2C%22total_gen_mw%22%2C%22transnational_mw%22%2C%22thermal_mw%22%2C%22storage_demand_mw%22%2C%22solar_mw%22%2C%22others_mw%22%2C%22demand_mw%22%2C%22net_demand_mw%22%2C%22storage_discharge_mw%22%2C%22time_block%22%2C%22wind_mw%22%2C%22frequency_hz%22%2C%22report_date%22 "HTTP/2 201 Created"
2026-08-24 16:13:31,629 INFO HTTP Request: POST https://iiutxlcayvswjhqgxibd.supabase.co/rest/v1/scada_15min?on_conflict=report_date%2Ctime_block&columns=%22gas_mw%22%2C%22nuclear_mw%22%2C%22hydro_mw%22%2C%22total_gen_mw%22%2C%22transnational_mw%22%2C%22thermal_mw%22%2C%22storage_demand_mw%22%2C%22solar_mw%22%2C%22others_mw%22%2C%22demand_mw%22%2C%22net_demand_mw%22%2C%22storage_discharge_mw%22%2C%22time_block%22%2C%22wind_mw%22%2C%22frequency_hz%22%2C%22report_date%22 "HTTP/2 201 Created"
2026-08-24 16:13:32,161 INFO HTTP Request: POST https://iiutxlcayvswjhqgxibd.supabase.co/rest/v1/state_daily?on_conflict=report_date%2Cstate&columns=%22state%22%2C%22drawal_schedule_mu%22%2C%22shortage_peak_mw%22%2C%22max_ud_mw%22%2C%22region%22%2C%22energy_shortage_mu%22%2C%22max_od_mw%22%2C%22energy_met_mu%22%2C%22peak_demand_mw%22%2C%22od_ud_mu%22%2C%22report_date%22 "HTTP/2 201 Created"
2026-08-24 16:13:35,357 INFO   PARSED 2026-05-26: 96 SCADA rows, 39 states, 66 summary fields
2026-08-24 16:13:36,741 INFO HTTP Request: POST https://iiutxlcayvswjhqgxibd.supabase.co/rest/v1/daily_summary?on_conflict=report_date "HTTP/2 201 Created"
2026-08-24 16:13:37,359 INFO HTTP Request: POST https://iiutxlcayvswjhqgxibd.supabase.co/rest/v1/scada_15min?on_conflict=report_date%2Ctime_block&columns=%22gas_mw%22%2C%22nuclear_mw%22%2C%22hydro_mw%22%2C%22total_gen_mw%22%2C%22transnational_mw%22%2C%22thermal_mw%22%2C%22storage_demand_mw%22%2C%22solar_mw%22%2C%22others_mw%22%2C%22demand_mw%22%2C%22net_demand_mw%22%2C%22storage_discharge_mw%22%2C%22time_block%22%2C%22wind_mw%22%2C%22frequency_hz%22%2C%22report_date%22 "HTTP/2 201 Created"
2026-08-24 16:13:37,972 INFO HTTP Request: POST https://iiutxlcayvswjhqgxibd.supabase.co/rest/v1/scada_15min?on_conflict=report_date%2Ctime_block&columns=%22gas_mw%22%2C%22nuclear_mw%22%2C%22hydro_mw%22%2C%22total_gen_mw%22%2C%22transnational_mw%22%2C%22thermal_mw%22%2C%22storage_demand_mw%22%2C%22solar_mw%22%2C%22others_mw%22%2C%22demand_mw%22%2C%22net_demand_mw%22%2C%22storage_discharge_mw%22%2C%22time_block%22%2C%22wind_mw%22%2C%22frequency_hz%22%2C%22report_date%22 "HTTP/2 201 Created"
2026-08-24 16:13:38,588 INFO HTTP Request: POST https://iiutxlcayvswjhqgxibd.supabase.co/rest/v1/state_daily?on_conflict=report_date%2Cstate&columns=%22state%22%2C%22drawal_schedule_mu%22%2C%22shortage_peak_mw%22%2C%22max_ud_mw%22%2C%22region%22%2C%22energy_shortage_mu%22%2C%22max_od_mw%22%2C%22energy_met_mu%22%2C%22peak_demand_mw%22%2C%22od_ud_mu%22%2C%22report_date%22 "HTTP/2 201 Created"
2026-08-24 16:13:41,493 INFO   PARSED 2026-05-27: 96 SCADA rows, 39 states, 66 summary fields
2026-08-24 16:13:42,824 INFO HTTP Request: POST https://iiutxlcayvswjhqgxibd.supabase.co/rest/v1/daily_summary?on_conflict=report_date "HTTP/2 201 Created"
2026-08-24 16:13:43,714 INFO HTTP Request: POST https://iiutxlcayvswjhqgxibd.supabase.co/rest/v1/scada_15min?on_conflict=report_date%2Ctime_block&columns=%22gas_mw%22%2C%22nuclear_mw%22%2C%22hydro_mw%22%2C%22total_gen_mw%22%2C%22transnational_mw%22%2C%22thermal_mw%22%2C%22storage_demand_mw%22%2C%22solar_mw%22%2C%22others_mw%22%2C%22demand_mw%22%2C%22net_demand_mw%22%2C%22storage_discharge_mw%22%2C%22time_block%22%2C%22wind_mw%22%2C%22frequency_hz%22%2C%22report_date%22 "HTTP/2 201 Created"
2026-08-24 16:13:44,318 INFO HTTP Request: POST https://iiutxlcayvswjhqgxibd.supabase.co/rest/v1/scada_15min?on_conflict=report_date%2Ctime_block&columns=%22gas_mw%22%2C%22nuclear_mw%22%2C%22hydro_mw%22%2C%22total_gen_mw%22%2C%22transnational_mw%22%2C%22thermal_mw%22%2C%22storage_demand_mw%22%2C%22solar_mw%22%2C%22others_mw%22%2C%22demand_mw%22%2C%22net_demand_mw%22%2C%22storage_discharge_mw%22%2C%22time_block%22%2C%22wind_mw%22%2C%22frequency_hz%22%2C%22report_date%22 "HTTP/2 201 Created"
2026-08-24 16:13:44,901 INFO HTTP Request: POST https://iiutxlcayvswjhqgxibd.supabase.co/rest/v1/state_daily?on_conflict=report_date%2Cstate&columns=%22state%22%2C%22drawal_schedule_mu%22%2C%22shortage_peak_mw%22%2C%22max_ud_mw%22%2C%22region%22%2C%22energy_shortage_mu%22%2C%22max_od_mw%22%2C%22energy_met_mu%22%2C%22peak_demand_mw%22%2C%22od_ud_mu%22%2C%22report_date%22 "HTTP/2 201 Created"
2026-08-24 16:13:47,619 INFO   PARSED 2026-05-28: 96 SCADA rows, 39 states, 66 summary fields
2026-08-24 16:13:48,955 INFO HTTP Request: POST https://iiutxlcayvswjhqgxibd.supabase.co/rest/v1/daily_summary?on_conflict=report_date "HTTP/2 201 Created"
2026-08-24 16:13:49,555 INFO HTTP Request: POST https://iiutxlcayvswjhqgxibd.supabase.co/rest/v1/scada_15min?on_conflict=report_date%2Ctime_block&columns=%22gas_mw%22%2C%22nuclear_mw%22%2C%22hydro_mw%22%2C%22total_gen_mw%22%2C%22transnational_mw%22%2C%22thermal_mw%22%2C%22storage_demand_mw%22%2C%22solar_mw%22%2C%22others_mw%22%2C%22demand_mw%22%2C%22net_demand_mw%22%2C%22storage_discharge_mw%22%2C%22time_block%22%2C%22wind_mw%22%2C%22frequency_hz%22%2C%22report_date%22 "HTTP/2 201 Created"
2026-08-24 16:13:50,156 INFO HTTP Request: POST https://iiutxlcayvswjhqgxibd.supabase.co/rest/v1/scada_15min?on_conflict=report_date%2Ctime_block&columns=%22gas_mw%22%2C%22nuclear_mw%22%2C%22hydro_mw%22%2C%22total_gen_mw%22%2C%22transnational_mw%22%2C%22thermal_mw%22%2C%22storage_demand_mw%22%2C%22solar_mw%22%2C%22others_mw%22%2C%22demand_mw%22%2C%22net_demand_mw%22%2C%22storage_discharge_mw%22%2C%22time_block%22%2C%22wind_mw%22%2C%22frequency_hz%22%2C%22report_date%22 "HTTP/2 201 Created"
2026-08-24 16:13:50,745 INFO HTTP Request: POST https://iiutxlcayvswjhqgxibd.supabase.co/rest/v1/state_daily?on_conflict=report_date%2Cstate&columns=%22state%22%2C%22drawal_schedule_mu%22%2C%22shortage_peak_mw%22%2C%22max_ud_mw%22%2C%22region%22%2C%22energy_shortage_mu%22%2C%22max_od_mw%22%2C%22energy_met_mu%22%2C%22peak_demand_mw%22%2C%22od_ud_mu%22%2C%22report_date%22 "HTTP/2 201 Created"
2026-08-24 16:13:53,533 INFO   PARSED 2026-05-29: 96 SCADA rows, 39 states, 66 summary fields
2026-08-24 16:13:54,862 INFO HTTP Request: POST https://iiutxlcayvswjhqgxibd.supabase.co/rest/v1/daily_summary?on_conflict=report_date "HTTP/2 201 Created"
2026-08-24 16:13:55,454 INFO HTTP Request: POST https://iiutxlcayvswjhqgxibd.supabase.co/rest/v1/scada_15min?on_conflict=report_date%2Ctime_block&columns=%22gas_mw%22%2C%22nuclear_mw%22%2C%22hydro_mw%22%2C%22total_gen_mw%22%2C%22transnational_mw%22%2C%22thermal_mw%22%2C%22storage_demand_mw%22%2C%22solar_mw%22%2C%22others_mw%22%2C%22demand_mw%22%2C%22net_demand_mw%22%2C%22storage_discharge_mw%22%2C%22time_block%22%2C%22wind_mw%22%2C%22frequency_hz%22%2C%22report_date%22 "HTTP/2 201 Created"
2026-08-24 16:13:56,725 INFO HTTP Request: POST https://iiutxlcayvswjhqgxibd.supabase.co/rest/v1/scada_15min?on_conflict=report_date%2Ctime_block&columns=%22gas_mw%22%2C%22nuclear_mw%22%2C%22hydro_mw%22%2C%22total_gen_mw%22%2C%22transnational_mw%22%2C%22thermal_mw%22%2C%22storage_demand_mw%22%2C%22solar_mw%22%2C%22others_mw%22%2C%22demand_mw%22%2C%22net_demand_mw%22%2C%22storage_discharge_mw%22%2C%22time_block%22%2C%22wind_mw%22%2C%22frequency_hz%22%2C%22report_date%22 "HTTP/2 201 Created"
2026-08-24 16:13:57,341 INFO HTTP Request: POST https://iiutxlcayvswjhqgxibd.supabase.co/rest/v1/state_daily?on_conflict=report_date%2Cstate&columns=%22state%22%2C%22drawal_schedule_mu%22%2C%22shortage_peak_mw%22%2C%22max_ud_mw%22%2C%22region%22%2C%22energy_shortage_mu%22%2C%22max_od_mw%22%2C%22energy_met_mu%22%2C%22peak_demand_mw%22%2C%22od_ud_mu%22%2C%22report_date%22 "HTTP/2 201 Created"
2026-08-24 16:14:00,230 INFO   PARSED 2026-05-30: 96 SCADA rows, 39 states, 66 summary fields
2026-08-24 16:14:01,868 INFO HTTP Request: POST https://iiutxlcayvswjhqgxibd.supabase.co/rest/v1/daily_summary?on_conflict=report_date "HTTP/2 201 Created"
2026-08-24 16:14:02,624 INFO HTTP Request: POST https://iiutxlcayvswjhqgxibd.supabase.co/rest/v1/scada_15min?on_conflict=report_date%2Ctime_block&columns=%22gas_mw%22%2C%22nuclear_mw%22%2C%22hydro_mw%22%2C%22total_gen_mw%22%2C%22transnational_mw%22%2C%22thermal_mw%22%2C%22storage_demand_mw%22%2C%22solar_mw%22%2C%22others_mw%22%2C%22demand_mw%22%2C%22net_demand_mw%22%2C%22storage_discharge_mw%22%2C%22time_block%22%2C%22wind_mw%22%2C%22frequency_hz%22%2C%22report_date%22 "HTTP/2 201 Created"
2026-08-24 16:14:03,267 INFO HTTP Request: POST https://iiutxlcayvswjhqgxibd.supabase.co/rest/v1/scada_15min?on_conflict=report_date%2Ctime_block&columns=%22gas_mw%22%2C%22nuclear_mw%22%2C%22hydro_mw%22%2C%22total_gen_mw%22%2C%22transnational_mw%22%2C%22thermal_mw%22%2C%22storage_demand_mw%22%2C%22solar_mw%22%2C%22others_mw%22%2C%22demand_mw%22%2C%22net_demand_mw%22%2C%22storage_discharge_mw%22%2C%22time_block%22%2C%22wind_mw%22%2C%22frequency_hz%22%2C%22report_date%22 "HTTP/2 201 Created"
2026-08-24 16:14:03,928 INFO HTTP Request: POST https://iiutxlcayvswjhqgxibd.supabase.co/rest/v1/state_daily?on_conflict=report_date%2Cstate&columns=%22state%22%2C%22drawal_schedule_mu%22%2C%22shortage_peak_mw%22%2C%22max_ud_mw%22%2C%22region%22%2C%22energy_shortage_mu%22%2C%22max_od_mw%22%2C%22energy_met_mu%22%2C%22peak_demand_mw%22%2C%22od_ud_mu%22%2C%22report_date%22 "HTTP/2 201 Created"
2026-08-24 16:14:06,219 INFO   PARSED 2026-05-31: 96 SCADA rows, 39 states, 66 summary fields
2026-08-24 16:14:07,253 INFO HTTP Request: POST https://iiutxlcayvswjhqgxibd.supabase.co/rest/v1/daily_summary?on_conflict=report_date "HTTP/2 201 Created"
2026-08-24 16:14:07,736 INFO HTTP Request: POST https://iiutxlcayvswjhqgxibd.supabase.co/rest/v1/scada_15min?on_conflict=report_date%2Ctime_block&columns=%22gas_mw%22%2C%22nuclear_mw%22%2C%22hydro_mw%22%2C%22total_gen_mw%22%2C%22transnational_mw%22%2C%22thermal_mw%22%2C%22storage_demand_mw%22%2C%22solar_mw%22%2C%22others_mw%22%2C%22demand_mw%22%2C%22net_demand_mw%22%2C%22storage_discharge_mw%22%2C%22time_block%22%2C%22wind_mw%22%2C%22frequency_hz%22%2C%22report_date%22 "HTTP/2 201 Created"
2026-08-24 16:14:08,218 INFO HTTP Request: POST https://iiutxlcayvswjhqgxibd.supabase.co/rest/v1/scada_15min?on_conflict=report_date%2Ctime_block&columns=%22gas_mw%22%2C%22nuclear_mw%22%2C%22hydro_mw%22%2C%22total_gen_mw%22%2C%22transnational_mw%22%2C%22thermal_mw%22%2C%22storage_demand_mw%22%2C%22solar_mw%22%2C%22others_mw%22%2C%22demand_mw%22%2C%22net_demand_mw%22%2C%22storage_discharge_mw%22%2C%22time_block%22%2C%22wind_mw%22%2C%22frequency_hz%22%2C%22report_date%22 "HTTP/2 201 Created"
2026-08-24 16:14:08,823 INFO HTTP Request: POST https://iiutxlcayvswjhqgxibd.supabase.co/rest/v1/state_daily?on_conflict=report_date%2Cstate&columns=%22state%22%2C%22drawal_schedule_mu%22%2C%22shortage_peak_mw%22%2C%22max_ud_mw%22%2C%22region%22%2C%22energy_shortage_mu%22%2C%22max_od_mw%22%2C%22energy_met_mu%22%2C%22peak_demand_mw%22%2C%22od_ud_mu%22%2C%22report_date%22 "HTTP/2 201 Created"
2026-08-24 16:14:08,832 INFO 
Done: 17 OK, 0 failed, 0 skipped
2026-08-24 16:44:42,563 INFO Found 15 PDFs in pdfs\raw
2026-08-24 16:44:45,351 INFO   PARSED 2026-06-01: 96 SCADA rows, 40 states, 66 summary fields
2026-08-24 16:44:45,351 INFO   DRY RUN — not loading to Supabase
2026-08-24 16:44:48,060 INFO   PARSED 2026-06-02: 96 SCADA rows, 40 states, 66 summary fields
2026-08-24 16:44:48,060 INFO   DRY RUN — not loading to Supabase
2026-08-24 16:44:50,104 INFO   PARSED 2026-06-03: 96 SCADA rows, 40 states, 66 summary fields
2026-08-24 16:44:50,104 INFO   DRY RUN — not loading to Supabase
2026-08-24 16:44:52,089 INFO   PARSED 2026-06-04: 96 SCADA rows, 40 states, 66 summary fields
2026-08-24 16:44:52,089 INFO   DRY RUN — not loading to Supabase
2026-08-24 16:44:54,120 INFO   PARSED 2026-06-05: 96 SCADA rows, 40 states, 66 summary fields
2026-08-24 16:44:54,120 INFO   DRY RUN — not loading to Supabase
2026-08-24 16:45:03,046 INFO Found 15 PDFs in pdfs\raw
2026-08-24 16:45:05,862 INFO   PARSED 2026-06-01: 96 SCADA rows, 40 states, 66 summary fields
2026-08-24 16:45:08,162 INFO HTTP Request: POST https://iiutxlcayvswjhqgxibd.supabase.co/rest/v1/daily_summary?on_conflict=report_date "HTTP/2 201 Created"
2026-08-24 16:45:08,814 INFO HTTP Request: POST https://iiutxlcayvswjhqgxibd.supabase.co/rest/v1/scada_15min?on_conflict=report_date%2Ctime_block&columns=%22report_date%22%2C%22frequency_hz%22%2C%22demand_mw%22%2C%22hydro_mw%22%2C%22transnational_mw%22%2C%22time_block%22%2C%22solar_mw%22%2C%22storage_demand_mw%22%2C%22gas_mw%22%2C%22wind_mw%22%2C%22thermal_mw%22%2C%22storage_discharge_mw%22%2C%22net_demand_mw%22%2C%22total_gen_mw%22%2C%22others_mw%22%2C%22nuclear_mw%22 "HTTP/2 201 Created"
2026-08-24 16:45:09,454 INFO HTTP Request: POST https://iiutxlcayvswjhqgxibd.supabase.co/rest/v1/scada_15min?on_conflict=report_date%2Ctime_block&columns=%22report_date%22%2C%22frequency_hz%22%2C%22demand_mw%22%2C%22hydro_mw%22%2C%22transnational_mw%22%2C%22time_block%22%2C%22solar_mw%22%2C%22storage_demand_mw%22%2C%22gas_mw%22%2C%22wind_mw%22%2C%22thermal_mw%22%2C%22storage_discharge_mw%22%2C%22net_demand_mw%22%2C%22total_gen_mw%22%2C%22others_mw%22%2C%22nuclear_mw%22 "HTTP/2 201 Created"
2026-08-24 16:45:10,083 INFO HTTP Request: POST https://iiutxlcayvswjhqgxibd.supabase.co/rest/v1/state_daily?on_conflict=report_date%2Cstate&columns=%22report_date%22%2C%22max_od_mw%22%2C%22max_ud_mw%22%2C%22peak_demand_mw%22%2C%22drawal_schedule_mu%22%2C%22energy_shortage_mu%22%2C%22energy_met_mu%22%2C%22od_ud_mu%22%2C%22state%22%2C%22region%22%2C%22shortage_peak_mw%22 "HTTP/2 201 Created"
2026-08-24 16:45:12,869 INFO   PARSED 2026-06-02: 96 SCADA rows, 40 states, 66 summary fields
2026-08-24 16:45:14,546 INFO HTTP Request: POST https://iiutxlcayvswjhqgxibd.supabase.co/rest/v1/daily_summary?on_conflict=report_date "HTTP/2 201 Created"
2026-08-24 16:45:15,160 INFO HTTP Request: POST https://iiutxlcayvswjhqgxibd.supabase.co/rest/v1/scada_15min?on_conflict=report_date%2Ctime_block&columns=%22report_date%22%2C%22frequency_hz%22%2C%22demand_mw%22%2C%22hydro_mw%22%2C%22transnational_mw%22%2C%22time_block%22%2C%22solar_mw%22%2C%22storage_demand_mw%22%2C%22gas_mw%22%2C%22wind_mw%22%2C%22thermal_mw%22%2C%22storage_discharge_mw%22%2C%22net_demand_mw%22%2C%22total_gen_mw%22%2C%22others_mw%22%2C%22nuclear_mw%22 "HTTP/2 201 Created"
2026-08-24 16:45:15,780 INFO HTTP Request: POST https://iiutxlcayvswjhqgxibd.supabase.co/rest/v1/scada_15min?on_conflict=report_date%2Ctime_block&columns=%22report_date%22%2C%22frequency_hz%22%2C%22demand_mw%22%2C%22hydro_mw%22%2C%22transnational_mw%22%2C%22time_block%22%2C%22solar_mw%22%2C%22storage_demand_mw%22%2C%22gas_mw%22%2C%22wind_mw%22%2C%22thermal_mw%22%2C%22storage_discharge_mw%22%2C%22net_demand_mw%22%2C%22total_gen_mw%22%2C%22others_mw%22%2C%22nuclear_mw%22 "HTTP/2 201 Created"
2026-08-24 16:45:16,383 INFO HTTP Request: POST https://iiutxlcayvswjhqgxibd.supabase.co/rest/v1/state_daily?on_conflict=report_date%2Cstate&columns=%22report_date%22%2C%22max_od_mw%22%2C%22max_ud_mw%22%2C%22peak_demand_mw%22%2C%22drawal_schedule_mu%22%2C%22energy_shortage_mu%22%2C%22energy_met_mu%22%2C%22od_ud_mu%22%2C%22state%22%2C%22region%22%2C%22shortage_peak_mw%22 "HTTP/2 201 Created"
2026-08-24 16:45:19,205 INFO   PARSED 2026-06-03: 96 SCADA rows, 40 states, 66 summary fields
2026-08-24 16:45:20,671 INFO HTTP Request: POST https://iiutxlcayvswjhqgxibd.supabase.co/rest/v1/daily_summary?on_conflict=report_date "HTTP/2 201 Created"
2026-08-24 16:45:21,303 INFO HTTP Request: POST https://iiutxlcayvswjhqgxibd.supabase.co/rest/v1/scada_15min?on_conflict=report_date%2Ctime_block&columns=%22report_date%22%2C%22frequency_hz%22%2C%22demand_mw%22%2C%22hydro_mw%22%2C%22transnational_mw%22%2C%22time_block%22%2C%22solar_mw%22%2C%22storage_demand_mw%22%2C%22gas_mw%22%2C%22wind_mw%22%2C%22thermal_mw%22%2C%22storage_discharge_mw%22%2C%22net_demand_mw%22%2C%22total_gen_mw%22%2C%22others_mw%22%2C%22nuclear_mw%22 "HTTP/2 201 Created"
2026-08-24 16:45:21,923 INFO HTTP Request: POST https://iiutxlcayvswjhqgxibd.supabase.co/rest/v1/scada_15min?on_conflict=report_date%2Ctime_block&columns=%22report_date%22%2C%22frequency_hz%22%2C%22demand_mw%22%2C%22hydro_mw%22%2C%22transnational_mw%22%2C%22time_block%22%2C%22solar_mw%22%2C%22storage_demand_mw%22%2C%22gas_mw%22%2C%22wind_mw%22%2C%22thermal_mw%22%2C%22storage_discharge_mw%22%2C%22net_demand_mw%22%2C%22total_gen_mw%22%2C%22others_mw%22%2C%22nuclear_mw%22 "HTTP/2 201 Created"
2026-08-24 16:45:22,555 INFO HTTP Request: POST https://iiutxlcayvswjhqgxibd.supabase.co/rest/v1/state_daily?on_conflict=report_date%2Cstate&columns=%22report_date%22%2C%22max_od_mw%22%2C%22max_ud_mw%22%2C%22peak_demand_mw%22%2C%22drawal_schedule_mu%22%2C%22energy_shortage_mu%22%2C%22energy_met_mu%22%2C%22od_ud_mu%22%2C%22state%22%2C%22region%22%2C%22shortage_peak_mw%22 "HTTP/2 201 Created"
2026-08-24 16:45:25,465 INFO   PARSED 2026-06-04: 96 SCADA rows, 40 states, 66 summary fields
2026-08-24 16:45:26,866 INFO HTTP Request: POST https://iiutxlcayvswjhqgxibd.supabase.co/rest/v1/daily_summary?on_conflict=report_date "HTTP/2 201 Created"
2026-08-24 16:45:27,501 INFO HTTP Request: POST https://iiutxlcayvswjhqgxibd.supabase.co/rest/v1/scada_15min?on_conflict=report_date%2Ctime_block&columns=%22report_date%22%2C%22frequency_hz%22%2C%22demand_mw%22%2C%22hydro_mw%22%2C%22transnational_mw%22%2C%22time_block%22%2C%22solar_mw%22%2C%22storage_demand_mw%22%2C%22gas_mw%22%2C%22wind_mw%22%2C%22thermal_mw%22%2C%22storage_discharge_mw%22%2C%22net_demand_mw%22%2C%22total_gen_mw%22%2C%22others_mw%22%2C%22nuclear_mw%22 "HTTP/2 201 Created"
2026-08-24 16:45:28,124 INFO HTTP Request: POST https://iiutxlcayvswjhqgxibd.supabase.co/rest/v1/scada_15min?on_conflict=report_date%2Ctime_block&columns=%22report_date%22%2C%22frequency_hz%22%2C%22demand_mw%22%2C%22hydro_mw%22%2C%22transnational_mw%22%2C%22time_block%22%2C%22solar_mw%22%2C%22storage_demand_mw%22%2C%22gas_mw%22%2C%22wind_mw%22%2C%22thermal_mw%22%2C%22storage_discharge_mw%22%2C%22net_demand_mw%22%2C%22total_gen_mw%22%2C%22others_mw%22%2C%22nuclear_mw%22 "HTTP/2 201 Created"
2026-08-24 16:45:28,730 INFO HTTP Request: POST https://iiutxlcayvswjhqgxibd.supabase.co/rest/v1/state_daily?on_conflict=report_date%2Cstate&columns=%22report_date%22%2C%22max_od_mw%22%2C%22max_ud_mw%22%2C%22peak_demand_mw%22%2C%22drawal_schedule_mu%22%2C%22energy_shortage_mu%22%2C%22energy_met_mu%22%2C%22od_ud_mu%22%2C%22state%22%2C%22region%22%2C%22shortage_peak_mw%22 "HTTP/2 201 Created"
2026-08-24 16:45:31,567 INFO   PARSED 2026-06-05: 96 SCADA rows, 40 states, 66 summary fields
2026-08-24 16:45:32,979 INFO HTTP Request: POST https://iiutxlcayvswjhqgxibd.supabase.co/rest/v1/daily_summary?on_conflict=report_date "HTTP/2 201 Created"
2026-08-24 16:45:33,619 INFO HTTP Request: POST https://iiutxlcayvswjhqgxibd.supabase.co/rest/v1/scada_15min?on_conflict=report_date%2Ctime_block&columns=%22report_date%22%2C%22frequency_hz%22%2C%22demand_mw%22%2C%22hydro_mw%22%2C%22transnational_mw%22%2C%22time_block%22%2C%22solar_mw%22%2C%22storage_demand_mw%22%2C%22gas_mw%22%2C%22wind_mw%22%2C%22thermal_mw%22%2C%22storage_discharge_mw%22%2C%22net_demand_mw%22%2C%22total_gen_mw%22%2C%22others_mw%22%2C%22nuclear_mw%22 "HTTP/2 201 Created"
2026-08-24 16:45:34,230 INFO HTTP Request: POST https://iiutxlcayvswjhqgxibd.supabase.co/rest/v1/scada_15min?on_conflict=report_date%2Ctime_block&columns=%22report_date%22%2C%22frequency_hz%22%2C%22demand_mw%22%2C%22hydro_mw%22%2C%22transnational_mw%22%2C%22time_block%22%2C%22solar_mw%22%2C%22storage_demand_mw%22%2C%22gas_mw%22%2C%22wind_mw%22%2C%22thermal_mw%22%2C%22storage_discharge_mw%22%2C%22net_demand_mw%22%2C%22total_gen_mw%22%2C%22others_mw%22%2C%22nuclear_mw%22 "HTTP/2 201 Created"
2026-08-24 16:45:34,838 INFO HTTP Request: POST https://iiutxlcayvswjhqgxibd.supabase.co/rest/v1/state_daily?on_conflict=report_date%2Cstate&columns=%22report_date%22%2C%22max_od_mw%22%2C%22max_ud_mw%22%2C%22peak_demand_mw%22%2C%22drawal_schedule_mu%22%2C%22energy_shortage_mu%22%2C%22energy_met_mu%22%2C%22od_ud_mu%22%2C%22state%22%2C%22region%22%2C%22shortage_peak_mw%22 "HTTP/2 201 Created"
2026-08-24 16:45:37,658 INFO   PARSED 2026-06-06: 96 SCADA rows, 40 states, 66 summary fields
2026-08-24 16:45:39,205 INFO HTTP Request: POST https://iiutxlcayvswjhqgxibd.supabase.co/rest/v1/daily_summary?on_conflict=report_date "HTTP/2 201 Created"
2026-08-24 16:45:39,805 INFO HTTP Request: POST https://iiutxlcayvswjhqgxibd.supabase.co/rest/v1/scada_15min?on_conflict=report_date%2Ctime_block&columns=%22report_date%22%2C%22frequency_hz%22%2C%22demand_mw%22%2C%22hydro_mw%22%2C%22transnational_mw%22%2C%22time_block%22%2C%22solar_mw%22%2C%22storage_demand_mw%22%2C%22gas_mw%22%2C%22wind_mw%22%2C%22thermal_mw%22%2C%22storage_discharge_mw%22%2C%22net_demand_mw%22%2C%22total_gen_mw%22%2C%22others_mw%22%2C%22nuclear_mw%22 "HTTP/2 201 Created"
2026-08-24 16:45:40,447 INFO HTTP Request: POST https://iiutxlcayvswjhqgxibd.supabase.co/rest/v1/scada_15min?on_conflict=report_date%2Ctime_block&columns=%22report_date%22%2C%22frequency_hz%22%2C%22demand_mw%22%2C%22hydro_mw%22%2C%22transnational_mw%22%2C%22time_block%22%2C%22solar_mw%22%2C%22storage_demand_mw%22%2C%22gas_mw%22%2C%22wind_mw%22%2C%22thermal_mw%22%2C%22storage_discharge_mw%22%2C%22net_demand_mw%22%2C%22total_gen_mw%22%2C%22others_mw%22%2C%22nuclear_mw%22 "HTTP/2 201 Created"
2026-08-24 16:45:41,044 INFO HTTP Request: POST https://iiutxlcayvswjhqgxibd.supabase.co/rest/v1/state_daily?on_conflict=report_date%2Cstate&columns=%22report_date%22%2C%22max_od_mw%22%2C%22max_ud_mw%22%2C%22peak_demand_mw%22%2C%22drawal_schedule_mu%22%2C%22energy_shortage_mu%22%2C%22energy_met_mu%22%2C%22od_ud_mu%22%2C%22state%22%2C%22region%22%2C%22shortage_peak_mw%22 "HTTP/2 201 Created"
2026-08-24 16:45:43,807 INFO   PARSED 2026-06-07: 96 SCADA rows, 40 states, 66 summary fields
2026-08-24 16:45:45,253 INFO HTTP Request: POST https://iiutxlcayvswjhqgxibd.supabase.co/rest/v1/daily_summary?on_conflict=report_date "HTTP/2 201 Created"
2026-08-24 16:45:45,887 INFO HTTP Request: POST https://iiutxlcayvswjhqgxibd.supabase.co/rest/v1/scada_15min?on_conflict=report_date%2Ctime_block&columns=%22report_date%22%2C%22frequency_hz%22%2C%22demand_mw%22%2C%22hydro_mw%22%2C%22transnational_mw%22%2C%22time_block%22%2C%22solar_mw%22%2C%22storage_demand_mw%22%2C%22gas_mw%22%2C%22wind_mw%22%2C%22thermal_mw%22%2C%22storage_discharge_mw%22%2C%22net_demand_mw%22%2C%22total_gen_mw%22%2C%22others_mw%22%2C%22nuclear_mw%22 "HTTP/2 201 Created"
2026-08-24 16:45:46,496 INFO HTTP Request: POST https://iiutxlcayvswjhqgxibd.supabase.co/rest/v1/scada_15min?on_conflict=report_date%2Ctime_block&columns=%22report_date%22%2C%22frequency_hz%22%2C%22demand_mw%22%2C%22hydro_mw%22%2C%22transnational_mw%22%2C%22time_block%22%2C%22solar_mw%22%2C%22storage_demand_mw%22%2C%22gas_mw%22%2C%22wind_mw%22%2C%22thermal_mw%22%2C%22storage_discharge_mw%22%2C%22net_demand_mw%22%2C%22total_gen_mw%22%2C%22others_mw%22%2C%22nuclear_mw%22 "HTTP/2 201 Created"
2026-08-24 16:45:47,125 INFO HTTP Request: POST https://iiutxlcayvswjhqgxibd.supabase.co/rest/v1/state_daily?on_conflict=report_date%2Cstate&columns=%22report_date%22%2C%22max_od_mw%22%2C%22max_ud_mw%22%2C%22peak_demand_mw%22%2C%22drawal_schedule_mu%22%2C%22energy_shortage_mu%22%2C%22energy_met_mu%22%2C%22od_ud_mu%22%2C%22state%22%2C%22region%22%2C%22shortage_peak_mw%22 "HTTP/2 201 Created"
2026-08-24 16:45:50,070 INFO   PARSED 2026-06-08: 96 SCADA rows, 40 states, 66 summary fields
2026-08-24 16:45:51,454 INFO HTTP Request: POST https://iiutxlcayvswjhqgxibd.supabase.co/rest/v1/daily_summary?on_conflict=report_date "HTTP/2 201 Created"
2026-08-24 16:45:52,077 INFO HTTP Request: POST https://iiutxlcayvswjhqgxibd.supabase.co/rest/v1/scada_15min?on_conflict=report_date%2Ctime_block&columns=%22report_date%22%2C%22frequency_hz%22%2C%22demand_mw%22%2C%22hydro_mw%22%2C%22transnational_mw%22%2C%22time_block%22%2C%22solar_mw%22%2C%22storage_demand_mw%22%2C%22gas_mw%22%2C%22wind_mw%22%2C%22thermal_mw%22%2C%22storage_discharge_mw%22%2C%22net_demand_mw%22%2C%22total_gen_mw%22%2C%22others_mw%22%2C%22nuclear_mw%22 "HTTP/2 201 Created"
2026-08-24 16:45:52,690 INFO HTTP Request: POST https://iiutxlcayvswjhqgxibd.supabase.co/rest/v1/scada_15min?on_conflict=report_date%2Ctime_block&columns=%22report_date%22%2C%22frequency_hz%22%2C%22demand_mw%22%2C%22hydro_mw%22%2C%22transnational_mw%22%2C%22time_block%22%2C%22solar_mw%22%2C%22storage_demand_mw%22%2C%22gas_mw%22%2C%22wind_mw%22%2C%22thermal_mw%22%2C%22storage_discharge_mw%22%2C%22net_demand_mw%22%2C%22total_gen_mw%22%2C%22others_mw%22%2C%22nuclear_mw%22 "HTTP/2 201 Created"
2026-08-24 16:45:53,295 INFO HTTP Request: POST https://iiutxlcayvswjhqgxibd.supabase.co/rest/v1/state_daily?on_conflict=report_date%2Cstate&columns=%22report_date%22%2C%22max_od_mw%22%2C%22max_ud_mw%22%2C%22peak_demand_mw%22%2C%22drawal_schedule_mu%22%2C%22energy_shortage_mu%22%2C%22energy_met_mu%22%2C%22od_ud_mu%22%2C%22state%22%2C%22region%22%2C%22shortage_peak_mw%22 "HTTP/2 201 Created"
2026-08-24 16:45:56,035 INFO   PARSED 2026-06-09: 96 SCADA rows, 40 states, 66 summary fields
2026-08-24 16:45:57,426 INFO HTTP Request: POST https://iiutxlcayvswjhqgxibd.supabase.co/rest/v1/daily_summary?on_conflict=report_date "HTTP/2 201 Created"
2026-08-24 16:45:58,042 INFO HTTP Request: POST https://iiutxlcayvswjhqgxibd.supabase.co/rest/v1/scada_15min?on_conflict=report_date%2Ctime_block&columns=%22report_date%22%2C%22frequency_hz%22%2C%22demand_mw%22%2C%22hydro_mw%22%2C%22transnational_mw%22%2C%22time_block%22%2C%22solar_mw%22%2C%22storage_demand_mw%22%2C%22gas_mw%22%2C%22wind_mw%22%2C%22thermal_mw%22%2C%22storage_discharge_mw%22%2C%22net_demand_mw%22%2C%22total_gen_mw%22%2C%22others_mw%22%2C%22nuclear_mw%22 "HTTP/2 201 Created"
2026-08-24 16:45:58,685 INFO HTTP Request: POST https://iiutxlcayvswjhqgxibd.supabase.co/rest/v1/scada_15min?on_conflict=report_date%2Ctime_block&columns=%22report_date%22%2C%22frequency_hz%22%2C%22demand_mw%22%2C%22hydro_mw%22%2C%22transnational_mw%22%2C%22time_block%22%2C%22solar_mw%22%2C%22storage_demand_mw%22%2C%22gas_mw%22%2C%22wind_mw%22%2C%22thermal_mw%22%2C%22storage_discharge_mw%22%2C%22net_demand_mw%22%2C%22total_gen_mw%22%2C%22others_mw%22%2C%22nuclear_mw%22 "HTTP/2 201 Created"
2026-08-24 16:45:59,319 INFO HTTP Request: POST https://iiutxlcayvswjhqgxibd.supabase.co/rest/v1/state_daily?on_conflict=report_date%2Cstate&columns=%22report_date%22%2C%22max_od_mw%22%2C%22max_ud_mw%22%2C%22peak_demand_mw%22%2C%22drawal_schedule_mu%22%2C%22energy_shortage_mu%22%2C%22energy_met_mu%22%2C%22od_ud_mu%22%2C%22state%22%2C%22region%22%2C%22shortage_peak_mw%22 "HTTP/2 201 Created"
2026-08-24 16:46:02,126 INFO   PARSED 2026-06-10: 96 SCADA rows, 40 states, 66 summary fields
2026-08-24 16:46:03,524 INFO HTTP Request: POST https://iiutxlcayvswjhqgxibd.supabase.co/rest/v1/daily_summary?on_conflict=report_date "HTTP/2 201 Created"
2026-08-24 16:46:04,130 INFO HTTP Request: POST https://iiutxlcayvswjhqgxibd.supabase.co/rest/v1/scada_15min?on_conflict=report_date%2Ctime_block&columns=%22report_date%22%2C%22frequency_hz%22%2C%22demand_mw%22%2C%22hydro_mw%22%2C%22transnational_mw%22%2C%22time_block%22%2C%22solar_mw%22%2C%22storage_demand_mw%22%2C%22gas_mw%22%2C%22wind_mw%22%2C%22thermal_mw%22%2C%22storage_discharge_mw%22%2C%22net_demand_mw%22%2C%22total_gen_mw%22%2C%22others_mw%22%2C%22nuclear_mw%22 "HTTP/2 201 Created"
2026-08-24 16:46:04,733 INFO HTTP Request: POST https://iiutxlcayvswjhqgxibd.supabase.co/rest/v1/scada_15min?on_conflict=report_date%2Ctime_block&columns=%22report_date%22%2C%22frequency_hz%22%2C%22demand_mw%22%2C%22hydro_mw%22%2C%22transnational_mw%22%2C%22time_block%22%2C%22solar_mw%22%2C%22storage_demand_mw%22%2C%22gas_mw%22%2C%22wind_mw%22%2C%22thermal_mw%22%2C%22storage_discharge_mw%22%2C%22net_demand_mw%22%2C%22total_gen_mw%22%2C%22others_mw%22%2C%22nuclear_mw%22 "HTTP/2 201 Created"
2026-08-24 16:46:05,348 INFO HTTP Request: POST https://iiutxlcayvswjhqgxibd.supabase.co/rest/v1/state_daily?on_conflict=report_date%2Cstate&columns=%22report_date%22%2C%22max_od_mw%22%2C%22max_ud_mw%22%2C%22peak_demand_mw%22%2C%22drawal_schedule_mu%22%2C%22energy_shortage_mu%22%2C%22energy_met_mu%22%2C%22od_ud_mu%22%2C%22state%22%2C%22region%22%2C%22shortage_peak_mw%22 "HTTP/2 201 Created"
2026-08-24 16:46:08,267 INFO   PARSED 2026-06-11: 96 SCADA rows, 40 states, 66 summary fields
2026-08-24 16:46:09,667 INFO HTTP Request: POST https://iiutxlcayvswjhqgxibd.supabase.co/rest/v1/daily_summary?on_conflict=report_date "HTTP/2 201 Created"
2026-08-24 16:46:10,284 INFO HTTP Request: POST https://iiutxlcayvswjhqgxibd.supabase.co/rest/v1/scada_15min?on_conflict=report_date%2Ctime_block&columns=%22report_date%22%2C%22frequency_hz%22%2C%22demand_mw%22%2C%22hydro_mw%22%2C%22transnational_mw%22%2C%22time_block%22%2C%22solar_mw%22%2C%22storage_demand_mw%22%2C%22gas_mw%22%2C%22wind_mw%22%2C%22thermal_mw%22%2C%22storage_discharge_mw%22%2C%22net_demand_mw%22%2C%22total_gen_mw%22%2C%22others_mw%22%2C%22nuclear_mw%22 "HTTP/2 201 Created"
2026-08-24 16:46:10,913 INFO HTTP Request: POST https://iiutxlcayvswjhqgxibd.supabase.co/rest/v1/scada_15min?on_conflict=report_date%2Ctime_block&columns=%22report_date%22%2C%22frequency_hz%22%2C%22demand_mw%22%2C%22hydro_mw%22%2C%22transnational_mw%22%2C%22time_block%22%2C%22solar_mw%22%2C%22storage_demand_mw%22%2C%22gas_mw%22%2C%22wind_mw%22%2C%22thermal_mw%22%2C%22storage_discharge_mw%22%2C%22net_demand_mw%22%2C%22total_gen_mw%22%2C%22others_mw%22%2C%22nuclear_mw%22 "HTTP/2 201 Created"
2026-08-24 16:46:11,516 INFO HTTP Request: POST https://iiutxlcayvswjhqgxibd.supabase.co/rest/v1/state_daily?on_conflict=report_date%2Cstate&columns=%22report_date%22%2C%22max_od_mw%22%2C%22max_ud_mw%22%2C%22peak_demand_mw%22%2C%22drawal_schedule_mu%22%2C%22energy_shortage_mu%22%2C%22energy_met_mu%22%2C%22od_ud_mu%22%2C%22state%22%2C%22region%22%2C%22shortage_peak_mw%22 "HTTP/2 201 Created"
2026-08-24 16:46:14,279 INFO   PARSED 2026-06-12: 96 SCADA rows, 40 states, 66 summary fields
2026-08-24 16:46:15,647 INFO HTTP Request: POST https://iiutxlcayvswjhqgxibd.supabase.co/rest/v1/daily_summary?on_conflict=report_date "HTTP/2 201 Created"
2026-08-24 16:46:16,250 INFO HTTP Request: POST https://iiutxlcayvswjhqgxibd.supabase.co/rest/v1/scada_15min?on_conflict=report_date%2Ctime_block&columns=%22report_date%22%2C%22frequency_hz%22%2C%22demand_mw%22%2C%22hydro_mw%22%2C%22transnational_mw%22%2C%22time_block%22%2C%22solar_mw%22%2C%22storage_demand_mw%22%2C%22gas_mw%22%2C%22wind_mw%22%2C%22thermal_mw%22%2C%22storage_discharge_mw%22%2C%22net_demand_mw%22%2C%22total_gen_mw%22%2C%22others_mw%22%2C%22nuclear_mw%22 "HTTP/2 201 Created"
2026-08-24 16:46:16,890 INFO HTTP Request: POST https://iiutxlcayvswjhqgxibd.supabase.co/rest/v1/scada_15min?on_conflict=report_date%2Ctime_block&columns=%22report_date%22%2C%22frequency_hz%22%2C%22demand_mw%22%2C%22hydro_mw%22%2C%22transnational_mw%22%2C%22time_block%22%2C%22solar_mw%22%2C%22storage_demand_mw%22%2C%22gas_mw%22%2C%22wind_mw%22%2C%22thermal_mw%22%2C%22storage_discharge_mw%22%2C%22net_demand_mw%22%2C%22total_gen_mw%22%2C%22others_mw%22%2C%22nuclear_mw%22 "HTTP/2 201 Created"
2026-08-24 16:46:17,504 INFO HTTP Request: POST https://iiutxlcayvswjhqgxibd.supabase.co/rest/v1/state_daily?on_conflict=report_date%2Cstate&columns=%22report_date%22%2C%22max_od_mw%22%2C%22max_ud_mw%22%2C%22peak_demand_mw%22%2C%22drawal_schedule_mu%22%2C%22energy_shortage_mu%22%2C%22energy_met_mu%22%2C%22od_ud_mu%22%2C%22state%22%2C%22region%22%2C%22shortage_peak_mw%22 "HTTP/2 201 Created"
2026-08-24 16:46:20,277 INFO   PARSED 2026-06-13: 96 SCADA rows, 40 states, 66 summary fields
2026-08-24 16:46:21,666 INFO HTTP Request: POST https://iiutxlcayvswjhqgxibd.supabase.co/rest/v1/daily_summary?on_conflict=report_date "HTTP/2 201 Created"
2026-08-24 16:46:22,313 INFO HTTP Request: POST https://iiutxlcayvswjhqgxibd.supabase.co/rest/v1/scada_15min?on_conflict=report_date%2Ctime_block&columns=%22report_date%22%2C%22frequency_hz%22%2C%22demand_mw%22%2C%22hydro_mw%22%2C%22transnational_mw%22%2C%22time_block%22%2C%22solar_mw%22%2C%22storage_demand_mw%22%2C%22gas_mw%22%2C%22wind_mw%22%2C%22thermal_mw%22%2C%22storage_discharge_mw%22%2C%22net_demand_mw%22%2C%22total_gen_mw%22%2C%22others_mw%22%2C%22nuclear_mw%22 "HTTP/2 201 Created"
2026-08-24 16:46:22,945 INFO HTTP Request: POST https://iiutxlcayvswjhqgxibd.supabase.co/rest/v1/scada_15min?on_conflict=report_date%2Ctime_block&columns=%22report_date%22%2C%22frequency_hz%22%2C%22demand_mw%22%2C%22hydro_mw%22%2C%22transnational_mw%22%2C%22time_block%22%2C%22solar_mw%22%2C%22storage_demand_mw%22%2C%22gas_mw%22%2C%22wind_mw%22%2C%22thermal_mw%22%2C%22storage_discharge_mw%22%2C%22net_demand_mw%22%2C%22total_gen_mw%22%2C%22others_mw%22%2C%22nuclear_mw%22 "HTTP/2 201 Created"
2026-08-24 16:46:23,521 INFO HTTP Request: POST https://iiutxlcayvswjhqgxibd.supabase.co/rest/v1/state_daily?on_conflict=report_date%2Cstate&columns=%22report_date%22%2C%22max_od_mw%22%2C%22max_ud_mw%22%2C%22peak_demand_mw%22%2C%22drawal_schedule_mu%22%2C%22energy_shortage_mu%22%2C%22energy_met_mu%22%2C%22od_ud_mu%22%2C%22state%22%2C%22region%22%2C%22shortage_peak_mw%22 "HTTP/2 201 Created"
2026-08-24 16:46:26,450 INFO   PARSED 2026-06-14: 96 SCADA rows, 40 states, 66 summary fields
2026-08-24 16:46:27,831 INFO HTTP Request: POST https://iiutxlcayvswjhqgxibd.supabase.co/rest/v1/daily_summary?on_conflict=report_date "HTTP/2 201 Created"
2026-08-24 16:46:28,452 INFO HTTP Request: POST https://iiutxlcayvswjhqgxibd.supabase.co/rest/v1/scada_15min?on_conflict=report_date%2Ctime_block&columns=%22report_date%22%2C%22frequency_hz%22%2C%22demand_mw%22%2C%22hydro_mw%22%2C%22transnational_mw%22%2C%22time_block%22%2C%22solar_mw%22%2C%22storage_demand_mw%22%2C%22gas_mw%22%2C%22wind_mw%22%2C%22thermal_mw%22%2C%22storage_discharge_mw%22%2C%22net_demand_mw%22%2C%22total_gen_mw%22%2C%22others_mw%22%2C%22nuclear_mw%22 "HTTP/2 201 Created"
2026-08-24 16:46:29,096 INFO HTTP Request: POST https://iiutxlcayvswjhqgxibd.supabase.co/rest/v1/scada_15min?on_conflict=report_date%2Ctime_block&columns=%22report_date%22%2C%22frequency_hz%22%2C%22demand_mw%22%2C%22hydro_mw%22%2C%22transnational_mw%22%2C%22time_block%22%2C%22solar_mw%22%2C%22storage_demand_mw%22%2C%22gas_mw%22%2C%22wind_mw%22%2C%22thermal_mw%22%2C%22storage_discharge_mw%22%2C%22net_demand_mw%22%2C%22total_gen_mw%22%2C%22others_mw%22%2C%22nuclear_mw%22 "HTTP/2 201 Created"
2026-08-24 16:46:29,732 INFO HTTP Request: POST https://iiutxlcayvswjhqgxibd.supabase.co/rest/v1/state_daily?on_conflict=report_date%2Cstate&columns=%22report_date%22%2C%22max_od_mw%22%2C%22max_ud_mw%22%2C%22peak_demand_mw%22%2C%22drawal_schedule_mu%22%2C%22energy_shortage_mu%22%2C%22energy_met_mu%22%2C%22od_ud_mu%22%2C%22state%22%2C%22region%22%2C%22shortage_peak_mw%22 "HTTP/2 201 Created"
2026-08-24 16:46:32,631 INFO   PARSED 2026-06-15: 96 SCADA rows, 40 states, 66 summary fields
2026-08-24 16:46:34,014 INFO HTTP Request: POST https://iiutxlcayvswjhqgxibd.supabase.co/rest/v1/daily_summary?on_conflict=report_date "HTTP/2 201 Created"
2026-08-24 16:46:34,639 INFO HTTP Request: POST https://iiutxlcayvswjhqgxibd.supabase.co/rest/v1/scada_15min?on_conflict=report_date%2Ctime_block&columns=%22report_date%22%2C%22frequency_hz%22%2C%22demand_mw%22%2C%22hydro_mw%22%2C%22transnational_mw%22%2C%22time_block%22%2C%22solar_mw%22%2C%22storage_demand_mw%22%2C%22gas_mw%22%2C%22wind_mw%22%2C%22thermal_mw%22%2C%22storage_discharge_mw%22%2C%22net_demand_mw%22%2C%22total_gen_mw%22%2C%22others_mw%22%2C%22nuclear_mw%22 "HTTP/2 201 Created"
2026-08-24 16:46:35,249 INFO HTTP Request: POST https://iiutxlcayvswjhqgxibd.supabase.co/rest/v1/scada_15min?on_conflict=report_date%2Ctime_block&columns=%22report_date%22%2C%22frequency_hz%22%2C%22demand_mw%22%2C%22hydro_mw%22%2C%22transnational_mw%22%2C%22time_block%22%2C%22solar_mw%22%2C%22storage_demand_mw%22%2C%22gas_mw%22%2C%22wind_mw%22%2C%22thermal_mw%22%2C%22storage_discharge_mw%22%2C%22net_demand_mw%22%2C%22total_gen_mw%22%2C%22others_mw%22%2C%22nuclear_mw%22 "HTTP/2 201 Created"
2026-08-24 16:46:35,865 INFO HTTP Request: POST https://iiutxlcayvswjhqgxibd.supabase.co/rest/v1/state_daily?on_conflict=report_date%2Cstate&columns=%22report_date%22%2C%22max_od_mw%22%2C%22max_ud_mw%22%2C%22peak_demand_mw%22%2C%22drawal_schedule_mu%22%2C%22energy_shortage_mu%22%2C%22energy_met_mu%22%2C%22od_ud_mu%22%2C%22state%22%2C%22region%22%2C%22shortage_peak_mw%22 "HTTP/2 201 Created"
2026-08-24 16:46:35,874 INFO 
Done: 15 OK, 0 failed, 0 skipped
2026-08-24 16:55:49,098 INFO Found 15 PDFs in pdfs\raw
2026-08-24 16:55:51,991 INFO   PARSED 2026-06-16: 96 SCADA rows, 40 states, 66 summary fields
2026-08-24 16:55:54,311 INFO HTTP Request: POST https://iiutxlcayvswjhqgxibd.supabase.co/rest/v1/daily_summary?on_conflict=report_date "HTTP/2 201 Created"
2026-08-24 16:55:54,927 INFO HTTP Request: POST https://iiutxlcayvswjhqgxibd.supabase.co/rest/v1/scada_15min?on_conflict=report_date%2Ctime_block&columns=%22solar_mw%22%2C%22thermal_mw%22%2C%22wind_mw%22%2C%22hydro_mw%22%2C%22others_mw%22%2C%22storage_demand_mw%22%2C%22frequency_hz%22%2C%22demand_mw%22%2C%22gas_mw%22%2C%22time_block%22%2C%22storage_discharge_mw%22%2C%22nuclear_mw%22%2C%22report_date%22%2C%22net_demand_mw%22%2C%22total_gen_mw%22%2C%22transnational_mw%22 "HTTP/2 201 Created"
2026-08-24 16:55:55,536 INFO HTTP Request: POST https://iiutxlcayvswjhqgxibd.supabase.co/rest/v1/scada_15min?on_conflict=report_date%2Ctime_block&columns=%22solar_mw%22%2C%22thermal_mw%22%2C%22wind_mw%22%2C%22hydro_mw%22%2C%22others_mw%22%2C%22storage_demand_mw%22%2C%22frequency_hz%22%2C%22demand_mw%22%2C%22gas_mw%22%2C%22time_block%22%2C%22storage_discharge_mw%22%2C%22nuclear_mw%22%2C%22report_date%22%2C%22net_demand_mw%22%2C%22total_gen_mw%22%2C%22transnational_mw%22 "HTTP/2 201 Created"
2026-08-24 16:55:56,447 INFO HTTP Request: POST https://iiutxlcayvswjhqgxibd.supabase.co/rest/v1/state_daily?on_conflict=report_date%2Cstate&columns=%22peak_demand_mw%22%2C%22od_ud_mu%22%2C%22max_ud_mw%22%2C%22region%22%2C%22energy_met_mu%22%2C%22drawal_schedule_mu%22%2C%22max_od_mw%22%2C%22report_date%22%2C%22state%22%2C%22shortage_peak_mw%22%2C%22energy_shortage_mu%22 "HTTP/2 201 Created"
2026-08-24 16:55:59,303 INFO   PARSED 2026-06-17: 96 SCADA rows, 40 states, 66 summary fields
2026-08-24 16:56:00,687 INFO HTTP Request: POST https://iiutxlcayvswjhqgxibd.supabase.co/rest/v1/daily_summary?on_conflict=report_date "HTTP/2 201 Created"
2026-08-24 16:56:01,291 INFO HTTP Request: POST https://iiutxlcayvswjhqgxibd.supabase.co/rest/v1/scada_15min?on_conflict=report_date%2Ctime_block&columns=%22solar_mw%22%2C%22thermal_mw%22%2C%22wind_mw%22%2C%22hydro_mw%22%2C%22others_mw%22%2C%22storage_demand_mw%22%2C%22frequency_hz%22%2C%22demand_mw%22%2C%22gas_mw%22%2C%22time_block%22%2C%22storage_discharge_mw%22%2C%22nuclear_mw%22%2C%22report_date%22%2C%22net_demand_mw%22%2C%22total_gen_mw%22%2C%22transnational_mw%22 "HTTP/2 201 Created"
2026-08-24 16:56:01,905 INFO HTTP Request: POST https://iiutxlcayvswjhqgxibd.supabase.co/rest/v1/scada_15min?on_conflict=report_date%2Ctime_block&columns=%22solar_mw%22%2C%22thermal_mw%22%2C%22wind_mw%22%2C%22hydro_mw%22%2C%22others_mw%22%2C%22storage_demand_mw%22%2C%22frequency_hz%22%2C%22demand_mw%22%2C%22gas_mw%22%2C%22time_block%22%2C%22storage_discharge_mw%22%2C%22nuclear_mw%22%2C%22report_date%22%2C%22net_demand_mw%22%2C%22total_gen_mw%22%2C%22transnational_mw%22 "HTTP/2 201 Created"
2026-08-24 16:56:02,513 INFO HTTP Request: POST https://iiutxlcayvswjhqgxibd.supabase.co/rest/v1/state_daily?on_conflict=report_date%2Cstate&columns=%22peak_demand_mw%22%2C%22od_ud_mu%22%2C%22max_ud_mw%22%2C%22region%22%2C%22energy_met_mu%22%2C%22drawal_schedule_mu%22%2C%22max_od_mw%22%2C%22report_date%22%2C%22state%22%2C%22shortage_peak_mw%22%2C%22energy_shortage_mu%22 "HTTP/2 201 Created"
2026-08-24 16:56:05,403 INFO   PARSED 2026-06-18: 96 SCADA rows, 40 states, 66 summary fields
2026-08-24 16:56:06,748 INFO HTTP Request: POST https://iiutxlcayvswjhqgxibd.supabase.co/rest/v1/daily_summary?on_conflict=report_date "HTTP/2 201 Created"
2026-08-24 16:56:07,372 INFO HTTP Request: POST https://iiutxlcayvswjhqgxibd.supabase.co/rest/v1/scada_15min?on_conflict=report_date%2Ctime_block&columns=%22solar_mw%22%2C%22thermal_mw%22%2C%22wind_mw%22%2C%22hydro_mw%22%2C%22others_mw%22%2C%22storage_demand_mw%22%2C%22frequency_hz%22%2C%22demand_mw%22%2C%22gas_mw%22%2C%22time_block%22%2C%22storage_discharge_mw%22%2C%22nuclear_mw%22%2C%22report_date%22%2C%22net_demand_mw%22%2C%22total_gen_mw%22%2C%22transnational_mw%22 "HTTP/2 201 Created"
2026-08-24 16:56:07,990 INFO HTTP Request: POST https://iiutxlcayvswjhqgxibd.supabase.co/rest/v1/scada_15min?on_conflict=report_date%2Ctime_block&columns=%22solar_mw%22%2C%22thermal_mw%22%2C%22wind_mw%22%2C%22hydro_mw%22%2C%22others_mw%22%2C%22storage_demand_mw%22%2C%22frequency_hz%22%2C%22demand_mw%22%2C%22gas_mw%22%2C%22time_block%22%2C%22storage_discharge_mw%22%2C%22nuclear_mw%22%2C%22report_date%22%2C%22net_demand_mw%22%2C%22total_gen_mw%22%2C%22transnational_mw%22 "HTTP/2 201 Created"
2026-08-24 16:56:08,585 INFO HTTP Request: POST https://iiutxlcayvswjhqgxibd.supabase.co/rest/v1/state_daily?on_conflict=report_date%2Cstate&columns=%22peak_demand_mw%22%2C%22od_ud_mu%22%2C%22max_ud_mw%22%2C%22region%22%2C%22energy_met_mu%22%2C%22drawal_schedule_mu%22%2C%22max_od_mw%22%2C%22report_date%22%2C%22state%22%2C%22shortage_peak_mw%22%2C%22energy_shortage_mu%22 "HTTP/2 201 Created"
2026-08-24 16:56:11,519 INFO   PARSED 2026-06-19: 96 SCADA rows, 40 states, 66 summary fields
2026-08-24 16:56:12,902 INFO HTTP Request: POST https://iiutxlcayvswjhqgxibd.supabase.co/rest/v1/daily_summary?on_conflict=report_date "HTTP/2 201 Created"
2026-08-24 16:56:13,531 INFO HTTP Request: POST https://iiutxlcayvswjhqgxibd.supabase.co/rest/v1/scada_15min?on_conflict=report_date%2Ctime_block&columns=%22solar_mw%22%2C%22thermal_mw%22%2C%22wind_mw%22%2C%22hydro_mw%22%2C%22others_mw%22%2C%22storage_demand_mw%22%2C%22frequency_hz%22%2C%22demand_mw%22%2C%22gas_mw%22%2C%22time_block%22%2C%22storage_discharge_mw%22%2C%22nuclear_mw%22%2C%22report_date%22%2C%22net_demand_mw%22%2C%22total_gen_mw%22%2C%22transnational_mw%22 "HTTP/2 201 Created"
2026-08-24 16:56:14,156 INFO HTTP Request: POST https://iiutxlcayvswjhqgxibd.supabase.co/rest/v1/scada_15min?on_conflict=report_date%2Ctime_block&columns=%22solar_mw%22%2C%22thermal_mw%22%2C%22wind_mw%22%2C%22hydro_mw%22%2C%22others_mw%22%2C%22storage_demand_mw%22%2C%22frequency_hz%22%2C%22demand_mw%22%2C%22gas_mw%22%2C%22time_block%22%2C%22storage_discharge_mw%22%2C%22nuclear_mw%22%2C%22report_date%22%2C%22net_demand_mw%22%2C%22total_gen_mw%22%2C%22transnational_mw%22 "HTTP/2 201 Created"
2026-08-24 16:56:14,759 INFO HTTP Request: POST https://iiutxlcayvswjhqgxibd.supabase.co/rest/v1/state_daily?on_conflict=report_date%2Cstate&columns=%22peak_demand_mw%22%2C%22od_ud_mu%22%2C%22max_ud_mw%22%2C%22region%22%2C%22energy_met_mu%22%2C%22drawal_schedule_mu%22%2C%22max_od_mw%22%2C%22report_date%22%2C%22state%22%2C%22shortage_peak_mw%22%2C%22energy_shortage_mu%22 "HTTP/2 201 Created"
2026-08-24 16:56:17,543 INFO   PARSED 2026-06-20: 96 SCADA rows, 40 states, 66 summary fields
2026-08-24 16:56:18,918 INFO HTTP Request: POST https://iiutxlcayvswjhqgxibd.supabase.co/rest/v1/daily_summary?on_conflict=report_date "HTTP/2 201 Created"
2026-08-24 16:56:19,519 INFO HTTP Request: POST https://iiutxlcayvswjhqgxibd.supabase.co/rest/v1/scada_15min?on_conflict=report_date%2Ctime_block&columns=%22solar_mw%22%2C%22thermal_mw%22%2C%22wind_mw%22%2C%22hydro_mw%22%2C%22others_mw%22%2C%22storage_demand_mw%22%2C%22frequency_hz%22%2C%22demand_mw%22%2C%22gas_mw%22%2C%22time_block%22%2C%22storage_discharge_mw%22%2C%22nuclear_mw%22%2C%22report_date%22%2C%22net_demand_mw%22%2C%22total_gen_mw%22%2C%22transnational_mw%22 "HTTP/2 201 Created"
2026-08-24 16:56:20,141 INFO HTTP Request: POST https://iiutxlcayvswjhqgxibd.supabase.co/rest/v1/scada_15min?on_conflict=report_date%2Ctime_block&columns=%22solar_mw%22%2C%22thermal_mw%22%2C%22wind_mw%22%2C%22hydro_mw%22%2C%22others_mw%22%2C%22storage_demand_mw%22%2C%22frequency_hz%22%2C%22demand_mw%22%2C%22gas_mw%22%2C%22time_block%22%2C%22storage_discharge_mw%22%2C%22nuclear_mw%22%2C%22report_date%22%2C%22net_demand_mw%22%2C%22total_gen_mw%22%2C%22transnational_mw%22 "HTTP/2 201 Created"
2026-08-24 16:56:20,744 INFO HTTP Request: POST https://iiutxlcayvswjhqgxibd.supabase.co/rest/v1/state_daily?on_conflict=report_date%2Cstate&columns=%22peak_demand_mw%22%2C%22od_ud_mu%22%2C%22max_ud_mw%22%2C%22region%22%2C%22energy_met_mu%22%2C%22drawal_schedule_mu%22%2C%22max_od_mw%22%2C%22report_date%22%2C%22state%22%2C%22shortage_peak_mw%22%2C%22energy_shortage_mu%22 "HTTP/2 201 Created"
2026-08-24 16:56:23,742 INFO   PARSED 2026-06-21: 95 SCADA rows, 40 states, 66 summary fields
2026-08-24 16:56:25,110 INFO HTTP Request: POST https://iiutxlcayvswjhqgxibd.supabase.co/rest/v1/daily_summary?on_conflict=report_date "HTTP/2 201 Created"
2026-08-24 16:56:25,718 INFO HTTP Request: POST https://iiutxlcayvswjhqgxibd.supabase.co/rest/v1/scada_15min?on_conflict=report_date%2Ctime_block&columns=%22solar_mw%22%2C%22thermal_mw%22%2C%22wind_mw%22%2C%22hydro_mw%22%2C%22others_mw%22%2C%22storage_demand_mw%22%2C%22frequency_hz%22%2C%22demand_mw%22%2C%22gas_mw%22%2C%22time_block%22%2C%22storage_discharge_mw%22%2C%22nuclear_mw%22%2C%22report_date%22%2C%22net_demand_mw%22%2C%22total_gen_mw%22%2C%22transnational_mw%22 "HTTP/2 201 Created"
2026-08-24 16:56:26,341 INFO HTTP Request: POST https://iiutxlcayvswjhqgxibd.supabase.co/rest/v1/scada_15min?on_conflict=report_date%2Ctime_block&columns=%22solar_mw%22%2C%22thermal_mw%22%2C%22wind_mw%22%2C%22hydro_mw%22%2C%22others_mw%22%2C%22storage_demand_mw%22%2C%22frequency_hz%22%2C%22demand_mw%22%2C%22gas_mw%22%2C%22time_block%22%2C%22storage_discharge_mw%22%2C%22nuclear_mw%22%2C%22report_date%22%2C%22net_demand_mw%22%2C%22total_gen_mw%22%2C%22transnational_mw%22 "HTTP/2 201 Created"
2026-08-24 16:56:26,939 INFO HTTP Request: POST https://iiutxlcayvswjhqgxibd.supabase.co/rest/v1/state_daily?on_conflict=report_date%2Cstate&columns=%22peak_demand_mw%22%2C%22od_ud_mu%22%2C%22max_ud_mw%22%2C%22region%22%2C%22energy_met_mu%22%2C%22drawal_schedule_mu%22%2C%22max_od_mw%22%2C%22report_date%22%2C%22state%22%2C%22shortage_peak_mw%22%2C%22energy_shortage_mu%22 "HTTP/2 201 Created"
2026-08-24 16:56:29,855 INFO   PARSED 2026-06-22: 92 SCADA rows, 40 states, 66 summary fields
2026-08-24 16:56:31,245 INFO HTTP Request: POST https://iiutxlcayvswjhqgxibd.supabase.co/rest/v1/daily_summary?on_conflict=report_date "HTTP/2 201 Created"
2026-08-24 16:56:31,857 INFO HTTP Request: POST https://iiutxlcayvswjhqgxibd.supabase.co/rest/v1/scada_15min?on_conflict=report_date%2Ctime_block&columns=%22solar_mw%22%2C%22thermal_mw%22%2C%22wind_mw%22%2C%22hydro_mw%22%2C%22others_mw%22%2C%22storage_demand_mw%22%2C%22frequency_hz%22%2C%22demand_mw%22%2C%22gas_mw%22%2C%22time_block%22%2C%22storage_discharge_mw%22%2C%22nuclear_mw%22%2C%22report_date%22%2C%22net_demand_mw%22%2C%22total_gen_mw%22%2C%22transnational_mw%22 "HTTP/2 201 Created"
2026-08-24 16:56:32,477 INFO HTTP Request: POST https://iiutxlcayvswjhqgxibd.supabase.co/rest/v1/scada_15min?on_conflict=report_date%2Ctime_block&columns=%22solar_mw%22%2C%22thermal_mw%22%2C%22wind_mw%22%2C%22hydro_mw%22%2C%22others_mw%22%2C%22storage_demand_mw%22%2C%22frequency_hz%22%2C%22demand_mw%22%2C%22gas_mw%22%2C%22time_block%22%2C%22storage_discharge_mw%22%2C%22nuclear_mw%22%2C%22report_date%22%2C%22net_demand_mw%22%2C%22total_gen_mw%22%2C%22transnational_mw%22 "HTTP/2 201 Created"
2026-08-24 16:56:33,092 INFO HTTP Request: POST https://iiutxlcayvswjhqgxibd.supabase.co/rest/v1/state_daily?on_conflict=report_date%2Cstate&columns=%22peak_demand_mw%22%2C%22od_ud_mu%22%2C%22max_ud_mw%22%2C%22region%22%2C%22energy_met_mu%22%2C%22drawal_schedule_mu%22%2C%22max_od_mw%22%2C%22report_date%22%2C%22state%22%2C%22shortage_peak_mw%22%2C%22energy_shortage_mu%22 "HTTP/2 201 Created"
2026-08-24 16:56:36,011 INFO   PARSED 2026-06-23: 96 SCADA rows, 40 states, 66 summary fields
2026-08-24 16:56:37,426 INFO HTTP Request: POST https://iiutxlcayvswjhqgxibd.supabase.co/rest/v1/daily_summary?on_conflict=report_date "HTTP/2 201 Created"
2026-08-24 16:56:38,045 INFO HTTP Request: POST https://iiutxlcayvswjhqgxibd.supabase.co/rest/v1/scada_15min?on_conflict=report_date%2Ctime_block&columns=%22solar_mw%22%2C%22thermal_mw%22%2C%22wind_mw%22%2C%22hydro_mw%22%2C%22others_mw%22%2C%22storage_demand_mw%22%2C%22frequency_hz%22%2C%22demand_mw%22%2C%22gas_mw%22%2C%22time_block%22%2C%22storage_discharge_mw%22%2C%22nuclear_mw%22%2C%22report_date%22%2C%22net_demand_mw%22%2C%22total_gen_mw%22%2C%22transnational_mw%22 "HTTP/2 201 Created"
2026-08-24 16:56:38,687 INFO HTTP Request: POST https://iiutxlcayvswjhqgxibd.supabase.co/rest/v1/scada_15min?on_conflict=report_date%2Ctime_block&columns=%22solar_mw%22%2C%22thermal_mw%22%2C%22wind_mw%22%2C%22hydro_mw%22%2C%22others_mw%22%2C%22storage_demand_mw%22%2C%22frequency_hz%22%2C%22demand_mw%22%2C%22gas_mw%22%2C%22time_block%22%2C%22storage_discharge_mw%22%2C%22nuclear_mw%22%2C%22report_date%22%2C%22net_demand_mw%22%2C%22total_gen_mw%22%2C%22transnational_mw%22 "HTTP/2 201 Created"
2026-08-24 16:56:39,271 INFO HTTP Request: POST https://iiutxlcayvswjhqgxibd.supabase.co/rest/v1/state_daily?on_conflict=report_date%2Cstate&columns=%22peak_demand_mw%22%2C%22od_ud_mu%22%2C%22max_ud_mw%22%2C%22region%22%2C%22energy_met_mu%22%2C%22drawal_schedule_mu%22%2C%22max_od_mw%22%2C%22report_date%22%2C%22state%22%2C%22shortage_peak_mw%22%2C%22energy_shortage_mu%22 "HTTP/2 201 Created"
2026-08-24 16:56:42,221 INFO   PARSED 2026-06-24: 96 SCADA rows, 40 states, 66 summary fields
2026-08-24 16:56:43,633 INFO HTTP Request: POST https://iiutxlcayvswjhqgxibd.supabase.co/rest/v1/daily_summary?on_conflict=report_date "HTTP/2 201 Created"
2026-08-24 16:56:44,217 INFO HTTP Request: POST https://iiutxlcayvswjhqgxibd.supabase.co/rest/v1/scada_15min?on_conflict=report_date%2Ctime_block&columns=%22solar_mw%22%2C%22thermal_mw%22%2C%22wind_mw%22%2C%22hydro_mw%22%2C%22others_mw%22%2C%22storage_demand_mw%22%2C%22frequency_hz%22%2C%22demand_mw%22%2C%22gas_mw%22%2C%22time_block%22%2C%22storage_discharge_mw%22%2C%22nuclear_mw%22%2C%22report_date%22%2C%22net_demand_mw%22%2C%22total_gen_mw%22%2C%22transnational_mw%22 "HTTP/2 201 Created"
2026-08-24 16:56:44,819 INFO HTTP Request: POST https://iiutxlcayvswjhqgxibd.supabase.co/rest/v1/scada_15min?on_conflict=report_date%2Ctime_block&columns=%22solar_mw%22%2C%22thermal_mw%22%2C%22wind_mw%22%2C%22hydro_mw%22%2C%22others_mw%22%2C%22storage_demand_mw%22%2C%22frequency_hz%22%2C%22demand_mw%22%2C%22gas_mw%22%2C%22time_block%22%2C%22storage_discharge_mw%22%2C%22nuclear_mw%22%2C%22report_date%22%2C%22net_demand_mw%22%2C%22total_gen_mw%22%2C%22transnational_mw%22 "HTTP/2 201 Created"
2026-08-24 16:56:45,406 INFO HTTP Request: POST https://iiutxlcayvswjhqgxibd.supabase.co/rest/v1/state_daily?on_conflict=report_date%2Cstate&columns=%22peak_demand_mw%22%2C%22od_ud_mu%22%2C%22max_ud_mw%22%2C%22region%22%2C%22energy_met_mu%22%2C%22drawal_schedule_mu%22%2C%22max_od_mw%22%2C%22report_date%22%2C%22state%22%2C%22shortage_peak_mw%22%2C%22energy_shortage_mu%22 "HTTP/2 201 Created"
2026-08-24 16:56:48,425 INFO   PARSED 2026-06-25: 96 SCADA rows, 40 states, 66 summary fields
2026-08-24 16:56:49,809 INFO HTTP Request: POST https://iiutxlcayvswjhqgxibd.supabase.co/rest/v1/daily_summary?on_conflict=report_date "HTTP/2 201 Created"
2026-08-24 16:56:50,447 INFO HTTP Request: POST https://iiutxlcayvswjhqgxibd.supabase.co/rest/v1/scada_15min?on_conflict=report_date%2Ctime_block&columns=%22solar_mw%22%2C%22thermal_mw%22%2C%22wind_mw%22%2C%22hydro_mw%22%2C%22others_mw%22%2C%22storage_demand_mw%22%2C%22frequency_hz%22%2C%22demand_mw%22%2C%22gas_mw%22%2C%22time_block%22%2C%22storage_discharge_mw%22%2C%22nuclear_mw%22%2C%22report_date%22%2C%22net_demand_mw%22%2C%22total_gen_mw%22%2C%22transnational_mw%22 "HTTP/2 201 Created"
2026-08-24 16:56:51,068 INFO HTTP Request: POST https://iiutxlcayvswjhqgxibd.supabase.co/rest/v1/scada_15min?on_conflict=report_date%2Ctime_block&columns=%22solar_mw%22%2C%22thermal_mw%22%2C%22wind_mw%22%2C%22hydro_mw%22%2C%22others_mw%22%2C%22storage_demand_mw%22%2C%22frequency_hz%22%2C%22demand_mw%22%2C%22gas_mw%22%2C%22time_block%22%2C%22storage_discharge_mw%22%2C%22nuclear_mw%22%2C%22report_date%22%2C%22net_demand_mw%22%2C%22total_gen_mw%22%2C%22transnational_mw%22 "HTTP/2 201 Created"
2026-08-24 16:56:51,676 INFO HTTP Request: POST https://iiutxlcayvswjhqgxibd.supabase.co/rest/v1/state_daily?on_conflict=report_date%2Cstate&columns=%22peak_demand_mw%22%2C%22od_ud_mu%22%2C%22max_ud_mw%22%2C%22region%22%2C%22energy_met_mu%22%2C%22drawal_schedule_mu%22%2C%22max_od_mw%22%2C%22report_date%22%2C%22state%22%2C%22shortage_peak_mw%22%2C%22energy_shortage_mu%22 "HTTP/2 201 Created"
2026-08-24 16:56:54,634 INFO   PARSED 2026-06-26: 96 SCADA rows, 40 states, 66 summary fields
2026-08-24 16:56:56,014 INFO HTTP Request: POST https://iiutxlcayvswjhqgxibd.supabase.co/rest/v1/daily_summary?on_conflict=report_date "HTTP/2 201 Created"
2026-08-24 16:56:56,648 INFO HTTP Request: POST https://iiutxlcayvswjhqgxibd.supabase.co/rest/v1/scada_15min?on_conflict=report_date%2Ctime_block&columns=%22solar_mw%22%2C%22thermal_mw%22%2C%22wind_mw%22%2C%22hydro_mw%22%2C%22others_mw%22%2C%22storage_demand_mw%22%2C%22frequency_hz%22%2C%22demand_mw%22%2C%22gas_mw%22%2C%22time_block%22%2C%22storage_discharge_mw%22%2C%22nuclear_mw%22%2C%22report_date%22%2C%22net_demand_mw%22%2C%22total_gen_mw%22%2C%22transnational_mw%22 "HTTP/2 201 Created"
2026-08-24 16:56:57,276 INFO HTTP Request: POST https://iiutxlcayvswjhqgxibd.supabase.co/rest/v1/scada_15min?on_conflict=report_date%2Ctime_block&columns=%22solar_mw%22%2C%22thermal_mw%22%2C%22wind_mw%22%2C%22hydro_mw%22%2C%22others_mw%22%2C%22storage_demand_mw%22%2C%22frequency_hz%22%2C%22demand_mw%22%2C%22gas_mw%22%2C%22time_block%22%2C%22storage_discharge_mw%22%2C%22nuclear_mw%22%2C%22report_date%22%2C%22net_demand_mw%22%2C%22total_gen_mw%22%2C%22transnational_mw%22 "HTTP/2 201 Created"
2026-08-24 16:56:57,877 INFO HTTP Request: POST https://iiutxlcayvswjhqgxibd.supabase.co/rest/v1/state_daily?on_conflict=report_date%2Cstate&columns=%22peak_demand_mw%22%2C%22od_ud_mu%22%2C%22max_ud_mw%22%2C%22region%22%2C%22energy_met_mu%22%2C%22drawal_schedule_mu%22%2C%22max_od_mw%22%2C%22report_date%22%2C%22state%22%2C%22shortage_peak_mw%22%2C%22energy_shortage_mu%22 "HTTP/2 201 Created"
2026-08-24 16:57:00,764 INFO   PARSED 2026-06-27: 96 SCADA rows, 40 states, 66 summary fields
2026-08-24 16:57:02,117 INFO HTTP Request: POST https://iiutxlcayvswjhqgxibd.supabase.co/rest/v1/daily_summary?on_conflict=report_date "HTTP/2 201 Created"
2026-08-24 16:57:02,725 INFO HTTP Request: POST https://iiutxlcayvswjhqgxibd.supabase.co/rest/v1/scada_15min?on_conflict=report_date%2Ctime_block&columns=%22solar_mw%22%2C%22thermal_mw%22%2C%22wind_mw%22%2C%22hydro_mw%22%2C%22others_mw%22%2C%22storage_demand_mw%22%2C%22frequency_hz%22%2C%22demand_mw%22%2C%22gas_mw%22%2C%22time_block%22%2C%22storage_discharge_mw%22%2C%22nuclear_mw%22%2C%22report_date%22%2C%22net_demand_mw%22%2C%22total_gen_mw%22%2C%22transnational_mw%22 "HTTP/2 201 Created"
2026-08-24 16:57:03,341 INFO HTTP Request: POST https://iiutxlcayvswjhqgxibd.supabase.co/rest/v1/scada_15min?on_conflict=report_date%2Ctime_block&columns=%22solar_mw%22%2C%22thermal_mw%22%2C%22wind_mw%22%2C%22hydro_mw%22%2C%22others_mw%22%2C%22storage_demand_mw%22%2C%22frequency_hz%22%2C%22demand_mw%22%2C%22gas_mw%22%2C%22time_block%22%2C%22storage_discharge_mw%22%2C%22nuclear_mw%22%2C%22report_date%22%2C%22net_demand_mw%22%2C%22total_gen_mw%22%2C%22transnational_mw%22 "HTTP/2 201 Created"
2026-08-24 16:57:03,924 INFO HTTP Request: POST https://iiutxlcayvswjhqgxibd.supabase.co/rest/v1/state_daily?on_conflict=report_date%2Cstate&columns=%22peak_demand_mw%22%2C%22od_ud_mu%22%2C%22max_ud_mw%22%2C%22region%22%2C%22energy_met_mu%22%2C%22drawal_schedule_mu%22%2C%22max_od_mw%22%2C%22report_date%22%2C%22state%22%2C%22shortage_peak_mw%22%2C%22energy_shortage_mu%22 "HTTP/2 201 Created"
2026-08-24 16:57:06,803 INFO   PARSED 2026-06-28: 95 SCADA rows, 40 states, 66 summary fields
2026-08-24 16:57:08,188 INFO HTTP Request: POST https://iiutxlcayvswjhqgxibd.supabase.co/rest/v1/daily_summary?on_conflict=report_date "HTTP/2 201 Created"
2026-08-24 16:57:08,793 INFO HTTP Request: POST https://iiutxlcayvswjhqgxibd.supabase.co/rest/v1/scada_15min?on_conflict=report_date%2Ctime_block&columns=%22solar_mw%22%2C%22thermal_mw%22%2C%22wind_mw%22%2C%22hydro_mw%22%2C%22others_mw%22%2C%22storage_demand_mw%22%2C%22frequency_hz%22%2C%22demand_mw%22%2C%22gas_mw%22%2C%22time_block%22%2C%22storage_discharge_mw%22%2C%22nuclear_mw%22%2C%22report_date%22%2C%22net_demand_mw%22%2C%22total_gen_mw%22%2C%22transnational_mw%22 "HTTP/2 201 Created"
2026-08-24 16:57:09,421 INFO HTTP Request: POST https://iiutxlcayvswjhqgxibd.supabase.co/rest/v1/scada_15min?on_conflict=report_date%2Ctime_block&columns=%22solar_mw%22%2C%22thermal_mw%22%2C%22wind_mw%22%2C%22hydro_mw%22%2C%22others_mw%22%2C%22storage_demand_mw%22%2C%22frequency_hz%22%2C%22demand_mw%22%2C%22gas_mw%22%2C%22time_block%22%2C%22storage_discharge_mw%22%2C%22nuclear_mw%22%2C%22report_date%22%2C%22net_demand_mw%22%2C%22total_gen_mw%22%2C%22transnational_mw%22 "HTTP/2 201 Created"
2026-08-24 16:57:10,020 INFO HTTP Request: POST https://iiutxlcayvswjhqgxibd.supabase.co/rest/v1/state_daily?on_conflict=report_date%2Cstate&columns=%22peak_demand_mw%22%2C%22od_ud_mu%22%2C%22max_ud_mw%22%2C%22region%22%2C%22energy_met_mu%22%2C%22drawal_schedule_mu%22%2C%22max_od_mw%22%2C%22report_date%22%2C%22state%22%2C%22shortage_peak_mw%22%2C%22energy_shortage_mu%22 "HTTP/2 201 Created"
2026-08-24 16:57:12,972 INFO   PARSED 2026-06-29: 91 SCADA rows, 40 states, 66 summary fields
2026-08-24 16:57:14,335 INFO HTTP Request: POST https://iiutxlcayvswjhqgxibd.supabase.co/rest/v1/daily_summary?on_conflict=report_date "HTTP/2 201 Created"
2026-08-24 16:57:15,049 INFO HTTP Request: POST https://iiutxlcayvswjhqgxibd.supabase.co/rest/v1/scada_15min?on_conflict=report_date%2Ctime_block&columns=%22solar_mw%22%2C%22thermal_mw%22%2C%22wind_mw%22%2C%22hydro_mw%22%2C%22others_mw%22%2C%22storage_demand_mw%22%2C%22frequency_hz%22%2C%22demand_mw%22%2C%22gas_mw%22%2C%22time_block%22%2C%22storage_discharge_mw%22%2C%22nuclear_mw%22%2C%22report_date%22%2C%22net_demand_mw%22%2C%22total_gen_mw%22%2C%22transnational_mw%22 "HTTP/2 201 Created"
2026-08-24 16:57:15,686 INFO HTTP Request: POST https://iiutxlcayvswjhqgxibd.supabase.co/rest/v1/scada_15min?on_conflict=report_date%2Ctime_block&columns=%22solar_mw%22%2C%22thermal_mw%22%2C%22wind_mw%22%2C%22hydro_mw%22%2C%22others_mw%22%2C%22storage_demand_mw%22%2C%22frequency_hz%22%2C%22demand_mw%22%2C%22gas_mw%22%2C%22time_block%22%2C%22storage_discharge_mw%22%2C%22nuclear_mw%22%2C%22report_date%22%2C%22net_demand_mw%22%2C%22total_gen_mw%22%2C%22transnational_mw%22 "HTTP/2 201 Created"
2026-08-24 16:57:16,298 INFO HTTP Request: POST https://iiutxlcayvswjhqgxibd.supabase.co/rest/v1/state_daily?on_conflict=report_date%2Cstate&columns=%22peak_demand_mw%22%2C%22od_ud_mu%22%2C%22max_ud_mw%22%2C%22region%22%2C%22energy_met_mu%22%2C%22drawal_schedule_mu%22%2C%22max_od_mw%22%2C%22report_date%22%2C%22state%22%2C%22shortage_peak_mw%22%2C%22energy_shortage_mu%22 "HTTP/2 201 Created"
2026-08-24 16:57:19,110 INFO   PARSED 2026-06-30: 91 SCADA rows, 40 states, 66 summary fields
2026-08-24 16:57:20,487 INFO HTTP Request: POST https://iiutxlcayvswjhqgxibd.supabase.co/rest/v1/daily_summary?on_conflict=report_date "HTTP/2 201 Created"
2026-08-24 16:57:21,119 INFO HTTP Request: POST https://iiutxlcayvswjhqgxibd.supabase.co/rest/v1/scada_15min?on_conflict=report_date%2Ctime_block&columns=%22solar_mw%22%2C%22thermal_mw%22%2C%22wind_mw%22%2C%22hydro_mw%22%2C%22others_mw%22%2C%22storage_demand_mw%22%2C%22frequency_hz%22%2C%22demand_mw%22%2C%22gas_mw%22%2C%22time_block%22%2C%22storage_discharge_mw%22%2C%22nuclear_mw%22%2C%22report_date%22%2C%22net_demand_mw%22%2C%22total_gen_mw%22%2C%22transnational_mw%22 "HTTP/2 201 Created"
2026-08-24 16:57:21,739 INFO HTTP Request: POST https://iiutxlcayvswjhqgxibd.supabase.co/rest/v1/scada_15min?on_conflict=report_date%2Ctime_block&columns=%22solar_mw%22%2C%22thermal_mw%22%2C%22wind_mw%22%2C%22hydro_mw%22%2C%22others_mw%22%2C%22storage_demand_mw%22%2C%22frequency_hz%22%2C%22demand_mw%22%2C%22gas_mw%22%2C%22time_block%22%2C%22storage_discharge_mw%22%2C%22nuclear_mw%22%2C%22report_date%22%2C%22net_demand_mw%22%2C%22total_gen_mw%22%2C%22transnational_mw%22 "HTTP/2 201 Created"
2026-08-24 16:57:22,343 INFO HTTP Request: POST https://iiutxlcayvswjhqgxibd.supabase.co/rest/v1/state_daily?on_conflict=report_date%2Cstate&columns=%22peak_demand_mw%22%2C%22od_ud_mu%22%2C%22max_ud_mw%22%2C%22region%22%2C%22energy_met_mu%22%2C%22drawal_schedule_mu%22%2C%22max_od_mw%22%2C%22report_date%22%2C%22state%22%2C%22shortage_peak_mw%22%2C%22energy_shortage_mu%22 "HTTP/2 201 Created"
2026-08-24 16:57:22,352 INFO 
Done: 15 OK, 0 failed, 0 skipped
2026-08-24 18:28:48,964 INFO Found 15 PDFs in pdfs\raw
2026-08-24 18:28:51,665 INFO   SKIP 2026-06-16 (already processed)
2026-08-24 18:28:54,267 INFO   SKIP 2026-06-17 (already processed)
2026-08-24 18:29:39,224 INFO Found 31 PDFs in pdfs\raw
2026-08-24 18:29:41,608 INFO   PARSED 2026-07-01: 96 SCADA rows, 40 states, 66 summary fields
2026-08-24 18:29:44,085 INFO HTTP Request: POST https://iiutxlcayvswjhqgxibd.supabase.co/rest/v1/daily_summary?on_conflict=report_date "HTTP/2 201 Created"
2026-08-24 18:29:45,028 INFO HTTP Request: POST https://iiutxlcayvswjhqgxibd.supabase.co/rest/v1/scada_15min?on_conflict=report_date%2Ctime_block&columns=%22gas_mw%22%2C%22others_mw%22%2C%22demand_mw%22%2C%22total_gen_mw%22%2C%22time_block%22%2C%22frequency_hz%22%2C%22nuclear_mw%22%2C%22net_demand_mw%22%2C%22transnational_mw%22%2C%22solar_mw%22%2C%22report_date%22%2C%22wind_mw%22%2C%22hydro_mw%22%2C%22storage_discharge_mw%22%2C%22storage_demand_mw%22%2C%22thermal_mw%22 "HTTP/2 201 Created"
2026-08-24 18:29:45,915 INFO HTTP Request: POST https://iiutxlcayvswjhqgxibd.supabase.co/rest/v1/scada_15min?on_conflict=report_date%2Ctime_block&columns=%22gas_mw%22%2C%22others_mw%22%2C%22demand_mw%22%2C%22total_gen_mw%22%2C%22time_block%22%2C%22frequency_hz%22%2C%22nuclear_mw%22%2C%22net_demand_mw%22%2C%22transnational_mw%22%2C%22solar_mw%22%2C%22report_date%22%2C%22wind_mw%22%2C%22hydro_mw%22%2C%22storage_discharge_mw%22%2C%22storage_demand_mw%22%2C%22thermal_mw%22 "HTTP/2 201 Created"
2026-08-24 18:29:46,569 INFO HTTP Request: POST https://iiutxlcayvswjhqgxibd.supabase.co/rest/v1/state_daily?on_conflict=report_date%2Cstate&columns=%22state%22%2C%22energy_met_mu%22%2C%22peak_demand_mw%22%2C%22max_od_mw%22%2C%22od_ud_mu%22%2C%22max_ud_mw%22%2C%22region%22%2C%22report_date%22%2C%22energy_shortage_mu%22%2C%22shortage_peak_mw%22%2C%22drawal_schedule_mu%22 "HTTP/2 201 Created"
2026-08-24 18:29:49,337 INFO   PARSED 2026-07-02: 96 SCADA rows, 40 states, 66 summary fields
2026-08-24 18:29:50,683 INFO HTTP Request: POST https://iiutxlcayvswjhqgxibd.supabase.co/rest/v1/daily_summary?on_conflict=report_date "HTTP/2 201 Created"
2026-08-24 18:29:51,293 INFO HTTP Request: POST https://iiutxlcayvswjhqgxibd.supabase.co/rest/v1/scada_15min?on_conflict=report_date%2Ctime_block&columns=%22gas_mw%22%2C%22others_mw%22%2C%22demand_mw%22%2C%22total_gen_mw%22%2C%22time_block%22%2C%22frequency_hz%22%2C%22nuclear_mw%22%2C%22net_demand_mw%22%2C%22transnational_mw%22%2C%22solar_mw%22%2C%22report_date%22%2C%22wind_mw%22%2C%22hydro_mw%22%2C%22storage_discharge_mw%22%2C%22storage_demand_mw%22%2C%22thermal_mw%22 "HTTP/2 201 Created"
2026-08-24 18:29:51,904 INFO HTTP Request: POST https://iiutxlcayvswjhqgxibd.supabase.co/rest/v1/scada_15min?on_conflict=report_date%2Ctime_block&columns=%22gas_mw%22%2C%22others_mw%22%2C%22demand_mw%22%2C%22total_gen_mw%22%2C%22time_block%22%2C%22frequency_hz%22%2C%22nuclear_mw%22%2C%22net_demand_mw%22%2C%22transnational_mw%22%2C%22solar_mw%22%2C%22report_date%22%2C%22wind_mw%22%2C%22hydro_mw%22%2C%22storage_discharge_mw%22%2C%22storage_demand_mw%22%2C%22thermal_mw%22 "HTTP/2 201 Created"
2026-08-24 18:29:52,482 INFO HTTP Request: POST https://iiutxlcayvswjhqgxibd.supabase.co/rest/v1/state_daily?on_conflict=report_date%2Cstate&columns=%22state%22%2C%22energy_met_mu%22%2C%22peak_demand_mw%22%2C%22max_od_mw%22%2C%22od_ud_mu%22%2C%22max_ud_mw%22%2C%22region%22%2C%22report_date%22%2C%22energy_shortage_mu%22%2C%22shortage_peak_mw%22%2C%22drawal_schedule_mu%22 "HTTP/2 201 Created"
2026-08-24 18:29:55,203 INFO   PARSED 2026-07-03: 96 SCADA rows, 40 states, 66 summary fields
2026-08-24 18:29:56,534 INFO HTTP Request: POST https://iiutxlcayvswjhqgxibd.supabase.co/rest/v1/daily_summary?on_conflict=report_date "HTTP/2 201 Created"
2026-08-24 18:29:57,124 INFO HTTP Request: POST https://iiutxlcayvswjhqgxibd.supabase.co/rest/v1/scada_15min?on_conflict=report_date%2Ctime_block&columns=%22gas_mw%22%2C%22others_mw%22%2C%22demand_mw%22%2C%22total_gen_mw%22%2C%22time_block%22%2C%22frequency_hz%22%2C%22nuclear_mw%22%2C%22net_demand_mw%22%2C%22transnational_mw%22%2C%22solar_mw%22%2C%22report_date%22%2C%22wind_mw%22%2C%22hydro_mw%22%2C%22storage_discharge_mw%22%2C%22storage_demand_mw%22%2C%22thermal_mw%22 "HTTP/2 201 Created"
2026-08-24 18:29:57,967 INFO HTTP Request: POST https://iiutxlcayvswjhqgxibd.supabase.co/rest/v1/scada_15min?on_conflict=report_date%2Ctime_block&columns=%22gas_mw%22%2C%22others_mw%22%2C%22demand_mw%22%2C%22total_gen_mw%22%2C%22time_block%22%2C%22frequency_hz%22%2C%22nuclear_mw%22%2C%22net_demand_mw%22%2C%22transnational_mw%22%2C%22solar_mw%22%2C%22report_date%22%2C%22wind_mw%22%2C%22hydro_mw%22%2C%22storage_discharge_mw%22%2C%22storage_demand_mw%22%2C%22thermal_mw%22 "HTTP/2 201 Created"
2026-08-24 18:29:58,584 INFO HTTP Request: POST https://iiutxlcayvswjhqgxibd.supabase.co/rest/v1/state_daily?on_conflict=report_date%2Cstate&columns=%22state%22%2C%22energy_met_mu%22%2C%22peak_demand_mw%22%2C%22max_od_mw%22%2C%22od_ud_mu%22%2C%22max_ud_mw%22%2C%22region%22%2C%22report_date%22%2C%22energy_shortage_mu%22%2C%22shortage_peak_mw%22%2C%22drawal_schedule_mu%22 "HTTP/2 201 Created"
2026-08-24 18:30:01,329 INFO   PARSED 2026-07-04: 96 SCADA rows, 40 states, 66 summary fields
2026-08-24 18:30:02,917 INFO HTTP Request: POST https://iiutxlcayvswjhqgxibd.supabase.co/rest/v1/daily_summary?on_conflict=report_date "HTTP/2 201 Created"
2026-08-24 18:30:03,525 INFO HTTP Request: POST https://iiutxlcayvswjhqgxibd.supabase.co/rest/v1/scada_15min?on_conflict=report_date%2Ctime_block&columns=%22gas_mw%22%2C%22others_mw%22%2C%22demand_mw%22%2C%22total_gen_mw%22%2C%22time_block%22%2C%22frequency_hz%22%2C%22nuclear_mw%22%2C%22net_demand_mw%22%2C%22transnational_mw%22%2C%22solar_mw%22%2C%22report_date%22%2C%22wind_mw%22%2C%22hydro_mw%22%2C%22storage_discharge_mw%22%2C%22storage_demand_mw%22%2C%22thermal_mw%22 "HTTP/2 201 Created"
2026-08-24 18:30:04,125 INFO HTTP Request: POST https://iiutxlcayvswjhqgxibd.supabase.co/rest/v1/scada_15min?on_conflict=report_date%2Ctime_block&columns=%22gas_mw%22%2C%22others_mw%22%2C%22demand_mw%22%2C%22total_gen_mw%22%2C%22time_block%22%2C%22frequency_hz%22%2C%22nuclear_mw%22%2C%22net_demand_mw%22%2C%22transnational_mw%22%2C%22solar_mw%22%2C%22report_date%22%2C%22wind_mw%22%2C%22hydro_mw%22%2C%22storage_discharge_mw%22%2C%22storage_demand_mw%22%2C%22thermal_mw%22 "HTTP/2 201 Created"
2026-08-24 18:30:04,703 INFO HTTP Request: POST https://iiutxlcayvswjhqgxibd.supabase.co/rest/v1/state_daily?on_conflict=report_date%2Cstate&columns=%22state%22%2C%22energy_met_mu%22%2C%22peak_demand_mw%22%2C%22max_od_mw%22%2C%22od_ud_mu%22%2C%22max_ud_mw%22%2C%22region%22%2C%22report_date%22%2C%22energy_shortage_mu%22%2C%22shortage_peak_mw%22%2C%22drawal_schedule_mu%22 "HTTP/2 201 Created"
2026-08-24 18:30:07,534 INFO   PARSED 2026-07-05: 96 SCADA rows, 40 states, 66 summary fields
2026-08-24 18:30:08,855 INFO HTTP Request: POST https://iiutxlcayvswjhqgxibd.supabase.co/rest/v1/daily_summary?on_conflict=report_date "HTTP/2 201 Created"
2026-08-24 18:30:09,466 INFO HTTP Request: POST https://iiutxlcayvswjhqgxibd.supabase.co/rest/v1/scada_15min?on_conflict=report_date%2Ctime_block&columns=%22gas_mw%22%2C%22others_mw%22%2C%22demand_mw%22%2C%22total_gen_mw%22%2C%22time_block%22%2C%22frequency_hz%22%2C%22nuclear_mw%22%2C%22net_demand_mw%22%2C%22transnational_mw%22%2C%22solar_mw%22%2C%22report_date%22%2C%22wind_mw%22%2C%22hydro_mw%22%2C%22storage_discharge_mw%22%2C%22storage_demand_mw%22%2C%22thermal_mw%22 "HTTP/2 201 Created"
2026-08-24 18:30:10,069 INFO HTTP Request: POST https://iiutxlcayvswjhqgxibd.supabase.co/rest/v1/scada_15min?on_conflict=report_date%2Ctime_block&columns=%22gas_mw%22%2C%22others_mw%22%2C%22demand_mw%22%2C%22total_gen_mw%22%2C%22time_block%22%2C%22frequency_hz%22%2C%22nuclear_mw%22%2C%22net_demand_mw%22%2C%22transnational_mw%22%2C%22solar_mw%22%2C%22report_date%22%2C%22wind_mw%22%2C%22hydro_mw%22%2C%22storage_discharge_mw%22%2C%22storage_demand_mw%22%2C%22thermal_mw%22 "HTTP/2 201 Created"
2026-08-24 18:30:10,634 INFO HTTP Request: POST https://iiutxlcayvswjhqgxibd.supabase.co/rest/v1/state_daily?on_conflict=report_date%2Cstate&columns=%22state%22%2C%22energy_met_mu%22%2C%22peak_demand_mw%22%2C%22max_od_mw%22%2C%22od_ud_mu%22%2C%22max_ud_mw%22%2C%22region%22%2C%22report_date%22%2C%22energy_shortage_mu%22%2C%22shortage_peak_mw%22%2C%22drawal_schedule_mu%22 "HTTP/2 201 Created"
2026-08-24 18:30:13,325 INFO   PARSED 2026-07-06: 96 SCADA rows, 40 states, 66 summary fields
2026-08-24 18:30:14,649 INFO HTTP Request: POST https://iiutxlcayvswjhqgxibd.supabase.co/rest/v1/daily_summary?on_conflict=report_date "HTTP/2 201 Created"
2026-08-24 18:30:15,239 INFO HTTP Request: POST https://iiutxlcayvswjhqgxibd.supabase.co/rest/v1/scada_15min?on_conflict=report_date%2Ctime_block&columns=%22gas_mw%22%2C%22others_mw%22%2C%22demand_mw%22%2C%22total_gen_mw%22%2C%22time_block%22%2C%22frequency_hz%22%2C%22nuclear_mw%22%2C%22net_demand_mw%22%2C%22transnational_mw%22%2C%22solar_mw%22%2C%22report_date%22%2C%22wind_mw%22%2C%22hydro_mw%22%2C%22storage_discharge_mw%22%2C%22storage_demand_mw%22%2C%22thermal_mw%22 "HTTP/2 201 Created"
2026-08-24 18:30:15,822 INFO HTTP Request: POST https://iiutxlcayvswjhqgxibd.supabase.co/rest/v1/scada_15min?on_conflict=report_date%2Ctime_block&columns=%22gas_mw%22%2C%22others_mw%22%2C%22demand_mw%22%2C%22total_gen_mw%22%2C%22time_block%22%2C%22frequency_hz%22%2C%22nuclear_mw%22%2C%22net_demand_mw%22%2C%22transnational_mw%22%2C%22solar_mw%22%2C%22report_date%22%2C%22wind_mw%22%2C%22hydro_mw%22%2C%22storage_discharge_mw%22%2C%22storage_demand_mw%22%2C%22thermal_mw%22 "HTTP/2 201 Created"
2026-08-24 18:30:16,419 INFO HTTP Request: POST https://iiutxlcayvswjhqgxibd.supabase.co/rest/v1/state_daily?on_conflict=report_date%2Cstate&columns=%22state%22%2C%22energy_met_mu%22%2C%22peak_demand_mw%22%2C%22max_od_mw%22%2C%22od_ud_mu%22%2C%22max_ud_mw%22%2C%22region%22%2C%22report_date%22%2C%22energy_shortage_mu%22%2C%22shortage_peak_mw%22%2C%22drawal_schedule_mu%22 "HTTP/2 201 Created"
2026-08-24 18:30:19,239 INFO   PARSED 2026-07-07: 96 SCADA rows, 40 states, 66 summary fields
2026-08-24 18:30:20,556 INFO HTTP Request: POST https://iiutxlcayvswjhqgxibd.supabase.co/rest/v1/daily_summary?on_conflict=report_date "HTTP/2 201 Created"
2026-08-24 18:30:21,157 INFO HTTP Request: POST https://iiutxlcayvswjhqgxibd.supabase.co/rest/v1/scada_15min?on_conflict=report_date%2Ctime_block&columns=%22gas_mw%22%2C%22others_mw%22%2C%22demand_mw%22%2C%22total_gen_mw%22%2C%22time_block%22%2C%22frequency_hz%22%2C%22nuclear_mw%22%2C%22net_demand_mw%22%2C%22transnational_mw%22%2C%22solar_mw%22%2C%22report_date%22%2C%22wind_mw%22%2C%22hydro_mw%22%2C%22storage_discharge_mw%22%2C%22storage_demand_mw%22%2C%22thermal_mw%22 "HTTP/2 201 Created"
2026-08-24 18:30:21,979 INFO HTTP Request: POST https://iiutxlcayvswjhqgxibd.supabase.co/rest/v1/scada_15min?on_conflict=report_date%2Ctime_block&columns=%22gas_mw%22%2C%22others_mw%22%2C%22demand_mw%22%2C%22total_gen_mw%22%2C%22time_block%22%2C%22frequency_hz%22%2C%22nuclear_mw%22%2C%22net_demand_mw%22%2C%22transnational_mw%22%2C%22solar_mw%22%2C%22report_date%22%2C%22wind_mw%22%2C%22hydro_mw%22%2C%22storage_discharge_mw%22%2C%22storage_demand_mw%22%2C%22thermal_mw%22 "HTTP/2 201 Created"
2026-08-24 18:30:22,555 INFO HTTP Request: POST https://iiutxlcayvswjhqgxibd.supabase.co/rest/v1/state_daily?on_conflict=report_date%2Cstate&columns=%22state%22%2C%22energy_met_mu%22%2C%22peak_demand_mw%22%2C%22max_od_mw%22%2C%22od_ud_mu%22%2C%22max_ud_mw%22%2C%22region%22%2C%22report_date%22%2C%22energy_shortage_mu%22%2C%22shortage_peak_mw%22%2C%22drawal_schedule_mu%22 "HTTP/2 201 Created"
2026-08-24 18:30:25,385 INFO   PARSED 2026-07-08: 96 SCADA rows, 40 states, 66 summary fields
2026-08-24 18:30:26,725 INFO HTTP Request: POST https://iiutxlcayvswjhqgxibd.supabase.co/rest/v1/daily_summary?on_conflict=report_date "HTTP/2 201 Created"
2026-08-24 18:30:27,306 INFO HTTP Request: POST https://iiutxlcayvswjhqgxibd.supabase.co/rest/v1/scada_15min?on_conflict=report_date%2Ctime_block&columns=%22gas_mw%22%2C%22others_mw%22%2C%22demand_mw%22%2C%22total_gen_mw%22%2C%22time_block%22%2C%22frequency_hz%22%2C%22nuclear_mw%22%2C%22net_demand_mw%22%2C%22transnational_mw%22%2C%22solar_mw%22%2C%22report_date%22%2C%22wind_mw%22%2C%22hydro_mw%22%2C%22storage_discharge_mw%22%2C%22storage_demand_mw%22%2C%22thermal_mw%22 "HTTP/2 201 Created"
2026-08-24 18:30:27,893 INFO HTTP Request: POST https://iiutxlcayvswjhqgxibd.supabase.co/rest/v1/scada_15min?on_conflict=report_date%2Ctime_block&columns=%22gas_mw%22%2C%22others_mw%22%2C%22demand_mw%22%2C%22total_gen_mw%22%2C%22time_block%22%2C%22frequency_hz%22%2C%22nuclear_mw%22%2C%22net_demand_mw%22%2C%22transnational_mw%22%2C%22solar_mw%22%2C%22report_date%22%2C%22wind_mw%22%2C%22hydro_mw%22%2C%22storage_discharge_mw%22%2C%22storage_demand_mw%22%2C%22thermal_mw%22 "HTTP/2 201 Created"
2026-08-24 18:30:28,480 INFO HTTP Request: POST https://iiutxlcayvswjhqgxibd.supabase.co/rest/v1/state_daily?on_conflict=report_date%2Cstate&columns=%22state%22%2C%22energy_met_mu%22%2C%22peak_demand_mw%22%2C%22max_od_mw%22%2C%22od_ud_mu%22%2C%22max_ud_mw%22%2C%22region%22%2C%22report_date%22%2C%22energy_shortage_mu%22%2C%22shortage_peak_mw%22%2C%22drawal_schedule_mu%22 "HTTP/2 201 Created"
2026-08-24 18:30:31,175 INFO   PARSED 2026-07-09: 96 SCADA rows, 40 states, 66 summary fields
2026-08-24 18:30:32,483 INFO HTTP Request: POST https://iiutxlcayvswjhqgxibd.supabase.co/rest/v1/daily_summary?on_conflict=report_date "HTTP/2 201 Created"
2026-08-24 18:30:33,067 INFO HTTP Request: POST https://iiutxlcayvswjhqgxibd.supabase.co/rest/v1/scada_15min?on_conflict=report_date%2Ctime_block&columns=%22gas_mw%22%2C%22others_mw%22%2C%22demand_mw%22%2C%22total_gen_mw%22%2C%22time_block%22%2C%22frequency_hz%22%2C%22nuclear_mw%22%2C%22net_demand_mw%22%2C%22transnational_mw%22%2C%22solar_mw%22%2C%22report_date%22%2C%22wind_mw%22%2C%22hydro_mw%22%2C%22storage_discharge_mw%22%2C%22storage_demand_mw%22%2C%22thermal_mw%22 "HTTP/2 201 Created"
2026-08-24 18:30:33,670 INFO HTTP Request: POST https://iiutxlcayvswjhqgxibd.supabase.co/rest/v1/scada_15min?on_conflict=report_date%2Ctime_block&columns=%22gas_mw%22%2C%22others_mw%22%2C%22demand_mw%22%2C%22total_gen_mw%22%2C%22time_block%22%2C%22frequency_hz%22%2C%22nuclear_mw%22%2C%22net_demand_mw%22%2C%22transnational_mw%22%2C%22solar_mw%22%2C%22report_date%22%2C%22wind_mw%22%2C%22hydro_mw%22%2C%22storage_discharge_mw%22%2C%22storage_demand_mw%22%2C%22thermal_mw%22 "HTTP/2 201 Created"
2026-08-24 18:30:34,244 INFO HTTP Request: POST https://iiutxlcayvswjhqgxibd.supabase.co/rest/v1/state_daily?on_conflict=report_date%2Cstate&columns=%22state%22%2C%22energy_met_mu%22%2C%22peak_demand_mw%22%2C%22max_od_mw%22%2C%22od_ud_mu%22%2C%22max_ud_mw%22%2C%22region%22%2C%22report_date%22%2C%22energy_shortage_mu%22%2C%22shortage_peak_mw%22%2C%22drawal_schedule_mu%22 "HTTP/2 201 Created"
2026-08-24 18:30:37,027 INFO   PARSED 2026-07-10: 96 SCADA rows, 40 states, 66 summary fields
2026-08-24 18:30:38,348 INFO HTTP Request: POST https://iiutxlcayvswjhqgxibd.supabase.co/rest/v1/daily_summary?on_conflict=report_date "HTTP/2 201 Created"
2026-08-24 18:30:38,959 INFO HTTP Request: POST https://iiutxlcayvswjhqgxibd.supabase.co/rest/v1/scada_15min?on_conflict=report_date%2Ctime_block&columns=%22gas_mw%22%2C%22others_mw%22%2C%22demand_mw%22%2C%22total_gen_mw%22%2C%22time_block%22%2C%22frequency_hz%22%2C%22nuclear_mw%22%2C%22net_demand_mw%22%2C%22transnational_mw%22%2C%22solar_mw%22%2C%22report_date%22%2C%22wind_mw%22%2C%22hydro_mw%22%2C%22storage_discharge_mw%22%2C%22storage_demand_mw%22%2C%22thermal_mw%22 "HTTP/2 201 Created"
2026-08-24 18:30:39,561 INFO HTTP Request: POST https://iiutxlcayvswjhqgxibd.supabase.co/rest/v1/scada_15min?on_conflict=report_date%2Ctime_block&columns=%22gas_mw%22%2C%22others_mw%22%2C%22demand_mw%22%2C%22total_gen_mw%22%2C%22time_block%22%2C%22frequency_hz%22%2C%22nuclear_mw%22%2C%22net_demand_mw%22%2C%22transnational_mw%22%2C%22solar_mw%22%2C%22report_date%22%2C%22wind_mw%22%2C%22hydro_mw%22%2C%22storage_discharge_mw%22%2C%22storage_demand_mw%22%2C%22thermal_mw%22 "HTTP/2 201 Created"
2026-08-24 18:30:40,145 INFO HTTP Request: POST https://iiutxlcayvswjhqgxibd.supabase.co/rest/v1/state_daily?on_conflict=report_date%2Cstate&columns=%22state%22%2C%22energy_met_mu%22%2C%22peak_demand_mw%22%2C%22max_od_mw%22%2C%22od_ud_mu%22%2C%22max_ud_mw%22%2C%22region%22%2C%22report_date%22%2C%22energy_shortage_mu%22%2C%22shortage_peak_mw%22%2C%22drawal_schedule_mu%22 "HTTP/2 201 Created"
2026-08-24 18:30:43,038 INFO   PARSED 2026-07-11: 96 SCADA rows, 40 states, 66 summary fields
2026-08-24 18:30:44,455 INFO HTTP Request: POST https://iiutxlcayvswjhqgxibd.supabase.co/rest/v1/daily_summary?on_conflict=report_date "HTTP/2 201 Created"
2026-08-24 18:30:45,093 INFO HTTP Request: POST https://iiutxlcayvswjhqgxibd.supabase.co/rest/v1/scada_15min?on_conflict=report_date%2Ctime_block&columns=%22gas_mw%22%2C%22others_mw%22%2C%22demand_mw%22%2C%22total_gen_mw%22%2C%22time_block%22%2C%22frequency_hz%22%2C%22nuclear_mw%22%2C%22net_demand_mw%22%2C%22transnational_mw%22%2C%22solar_mw%22%2C%22report_date%22%2C%22wind_mw%22%2C%22hydro_mw%22%2C%22storage_discharge_mw%22%2C%22storage_demand_mw%22%2C%22thermal_mw%22 "HTTP/2 201 Created"
2026-08-24 18:30:45,727 INFO HTTP Request: POST https://iiutxlcayvswjhqgxibd.supabase.co/rest/v1/scada_15min?on_conflict=report_date%2Ctime_block&columns=%22gas_mw%22%2C%22others_mw%22%2C%22demand_mw%22%2C%22total_gen_mw%22%2C%22time_block%22%2C%22frequency_hz%22%2C%22nuclear_mw%22%2C%22net_demand_mw%22%2C%22transnational_mw%22%2C%22solar_mw%22%2C%22report_date%22%2C%22wind_mw%22%2C%22hydro_mw%22%2C%22storage_discharge_mw%22%2C%22storage_demand_mw%22%2C%22thermal_mw%22 "HTTP/2 201 Created"
2026-08-24 18:30:46,364 INFO HTTP Request: POST https://iiutxlcayvswjhqgxibd.supabase.co/rest/v1/state_daily?on_conflict=report_date%2Cstate&columns=%22state%22%2C%22energy_met_mu%22%2C%22peak_demand_mw%22%2C%22max_od_mw%22%2C%22od_ud_mu%22%2C%22max_ud_mw%22%2C%22region%22%2C%22report_date%22%2C%22energy_shortage_mu%22%2C%22shortage_peak_mw%22%2C%22drawal_schedule_mu%22 "HTTP/2 201 Created"
2026-08-24 18:30:49,124 INFO   PARSED 2026-07-12: 96 SCADA rows, 40 states, 66 summary fields
2026-08-24 18:30:50,452 INFO HTTP Request: POST https://iiutxlcayvswjhqgxibd.supabase.co/rest/v1/daily_summary?on_conflict=report_date "HTTP/2 201 Created"
2026-08-24 18:30:51,015 INFO HTTP Request: POST https://iiutxlcayvswjhqgxibd.supabase.co/rest/v1/scada_15min?on_conflict=report_date%2Ctime_block&columns=%22gas_mw%22%2C%22others_mw%22%2C%22demand_mw%22%2C%22total_gen_mw%22%2C%22time_block%22%2C%22frequency_hz%22%2C%22nuclear_mw%22%2C%22net_demand_mw%22%2C%22transnational_mw%22%2C%22solar_mw%22%2C%22report_date%22%2C%22wind_mw%22%2C%22hydro_mw%22%2C%22storage_discharge_mw%22%2C%22storage_demand_mw%22%2C%22thermal_mw%22 "HTTP/2 201 Created"
2026-08-24 18:30:51,493 INFO HTTP Request: POST https://iiutxlcayvswjhqgxibd.supabase.co/rest/v1/scada_15min?on_conflict=report_date%2Ctime_block&columns=%22gas_mw%22%2C%22others_mw%22%2C%22demand_mw%22%2C%22total_gen_mw%22%2C%22time_block%22%2C%22frequency_hz%22%2C%22nuclear_mw%22%2C%22net_demand_mw%22%2C%22transnational_mw%22%2C%22solar_mw%22%2C%22report_date%22%2C%22wind_mw%22%2C%22hydro_mw%22%2C%22storage_discharge_mw%22%2C%22storage_demand_mw%22%2C%22thermal_mw%22 "HTTP/2 201 Created"
2026-08-24 18:30:51,988 INFO HTTP Request: POST https://iiutxlcayvswjhqgxibd.supabase.co/rest/v1/state_daily?on_conflict=report_date%2Cstate&columns=%22state%22%2C%22energy_met_mu%22%2C%22peak_demand_mw%22%2C%22max_od_mw%22%2C%22od_ud_mu%22%2C%22max_ud_mw%22%2C%22region%22%2C%22report_date%22%2C%22energy_shortage_mu%22%2C%22shortage_peak_mw%22%2C%22drawal_schedule_mu%22 "HTTP/2 201 Created"
2026-08-24 18:30:54,726 INFO   PARSED 2026-07-13: 96 SCADA rows, 40 states, 66 summary fields
2026-08-24 18:30:56,028 INFO HTTP Request: POST https://iiutxlcayvswjhqgxibd.supabase.co/rest/v1/daily_summary?on_conflict=report_date "HTTP/2 201 Created"
2026-08-24 18:30:56,601 INFO HTTP Request: POST https://iiutxlcayvswjhqgxibd.supabase.co/rest/v1/scada_15min?on_conflict=report_date%2Ctime_block&columns=%22gas_mw%22%2C%22others_mw%22%2C%22demand_mw%22%2C%22total_gen_mw%22%2C%22time_block%22%2C%22frequency_hz%22%2C%22nuclear_mw%22%2C%22net_demand_mw%22%2C%22transnational_mw%22%2C%22solar_mw%22%2C%22report_date%22%2C%22wind_mw%22%2C%22hydro_mw%22%2C%22storage_discharge_mw%22%2C%22storage_demand_mw%22%2C%22thermal_mw%22 "HTTP/2 201 Created"
2026-08-24 18:30:57,191 INFO HTTP Request: POST https://iiutxlcayvswjhqgxibd.supabase.co/rest/v1/scada_15min?on_conflict=report_date%2Ctime_block&columns=%22gas_mw%22%2C%22others_mw%22%2C%22demand_mw%22%2C%22total_gen_mw%22%2C%22time_block%22%2C%22frequency_hz%22%2C%22nuclear_mw%22%2C%22net_demand_mw%22%2C%22transnational_mw%22%2C%22solar_mw%22%2C%22report_date%22%2C%22wind_mw%22%2C%22hydro_mw%22%2C%22storage_discharge_mw%22%2C%22storage_demand_mw%22%2C%22thermal_mw%22 "HTTP/2 201 Created"
2026-08-24 18:30:58,150 INFO HTTP Request: POST https://iiutxlcayvswjhqgxibd.supabase.co/rest/v1/state_daily?on_conflict=report_date%2Cstate&columns=%22state%22%2C%22energy_met_mu%22%2C%22peak_demand_mw%22%2C%22max_od_mw%22%2C%22od_ud_mu%22%2C%22max_ud_mw%22%2C%22region%22%2C%22report_date%22%2C%22energy_shortage_mu%22%2C%22shortage_peak_mw%22%2C%22drawal_schedule_mu%22 "HTTP/2 201 Created"
2026-08-24 18:31:00,976 INFO   PARSED 2026-07-14: 96 SCADA rows, 40 states, 66 summary fields
2026-08-24 18:31:02,311 INFO HTTP Request: POST https://iiutxlcayvswjhqgxibd.supabase.co/rest/v1/daily_summary?on_conflict=report_date "HTTP/2 201 Created"
2026-08-24 18:31:02,916 INFO HTTP Request: POST https://iiutxlcayvswjhqgxibd.supabase.co/rest/v1/scada_15min?on_conflict=report_date%2Ctime_block&columns=%22gas_mw%22%2C%22others_mw%22%2C%22demand_mw%22%2C%22total_gen_mw%22%2C%22time_block%22%2C%22frequency_hz%22%2C%22nuclear_mw%22%2C%22net_demand_mw%22%2C%22transnational_mw%22%2C%22solar_mw%22%2C%22report_date%22%2C%22wind_mw%22%2C%22hydro_mw%22%2C%22storage_discharge_mw%22%2C%22storage_demand_mw%22%2C%22thermal_mw%22 "HTTP/2 201 Created"
2026-08-24 18:31:03,528 INFO HTTP Request: POST https://iiutxlcayvswjhqgxibd.supabase.co/rest/v1/scada_15min?on_conflict=report_date%2Ctime_block&columns=%22gas_mw%22%2C%22others_mw%22%2C%22demand_mw%22%2C%22total_gen_mw%22%2C%22time_block%22%2C%22frequency_hz%22%2C%22nuclear_mw%22%2C%22net_demand_mw%22%2C%22transnational_mw%22%2C%22solar_mw%22%2C%22report_date%22%2C%22wind_mw%22%2C%22hydro_mw%22%2C%22storage_discharge_mw%22%2C%22storage_demand_mw%22%2C%22thermal_mw%22 "HTTP/2 201 Created"
2026-08-24 18:31:04,110 INFO HTTP Request: POST https://iiutxlcayvswjhqgxibd.supabase.co/rest/v1/state_daily?on_conflict=report_date%2Cstate&columns=%22state%22%2C%22energy_met_mu%22%2C%22peak_demand_mw%22%2C%22max_od_mw%22%2C%22od_ud_mu%22%2C%22max_ud_mw%22%2C%22region%22%2C%22report_date%22%2C%22energy_shortage_mu%22%2C%22shortage_peak_mw%22%2C%22drawal_schedule_mu%22 "HTTP/2 201 Created"
2026-08-24 18:31:06,853 INFO   PARSED 2026-07-15: 96 SCADA rows, 40 states, 66 summary fields
2026-08-24 18:31:08,159 INFO HTTP Request: POST https://iiutxlcayvswjhqgxibd.supabase.co/rest/v1/daily_summary?on_conflict=report_date "HTTP/2 201 Created"
2026-08-24 18:31:08,742 INFO HTTP Request: POST https://iiutxlcayvswjhqgxibd.supabase.co/rest/v1/scada_15min?on_conflict=report_date%2Ctime_block&columns=%22gas_mw%22%2C%22others_mw%22%2C%22demand_mw%22%2C%22total_gen_mw%22%2C%22time_block%22%2C%22frequency_hz%22%2C%22nuclear_mw%22%2C%22net_demand_mw%22%2C%22transnational_mw%22%2C%22solar_mw%22%2C%22report_date%22%2C%22wind_mw%22%2C%22hydro_mw%22%2C%22storage_discharge_mw%22%2C%22storage_demand_mw%22%2C%22thermal_mw%22 "HTTP/2 201 Created"
2026-08-24 18:31:09,321 INFO HTTP Request: POST https://iiutxlcayvswjhqgxibd.supabase.co/rest/v1/scada_15min?on_conflict=report_date%2Ctime_block&columns=%22gas_mw%22%2C%22others_mw%22%2C%22demand_mw%22%2C%22total_gen_mw%22%2C%22time_block%22%2C%22frequency_hz%22%2C%22nuclear_mw%22%2C%22net_demand_mw%22%2C%22transnational_mw%22%2C%22solar_mw%22%2C%22report_date%22%2C%22wind_mw%22%2C%22hydro_mw%22%2C%22storage_discharge_mw%22%2C%22storage_demand_mw%22%2C%22thermal_mw%22 "HTTP/2 201 Created"
2026-08-24 18:31:09,891 INFO HTTP Request: POST https://iiutxlcayvswjhqgxibd.supabase.co/rest/v1/state_daily?on_conflict=report_date%2Cstate&columns=%22state%22%2C%22energy_met_mu%22%2C%22peak_demand_mw%22%2C%22max_od_mw%22%2C%22od_ud_mu%22%2C%22max_ud_mw%22%2C%22region%22%2C%22report_date%22%2C%22energy_shortage_mu%22%2C%22shortage_peak_mw%22%2C%22drawal_schedule_mu%22 "HTTP/2 201 Created"
2026-08-24 18:31:12,598 INFO   PARSED 2026-07-16: 96 SCADA rows, 40 states, 66 summary fields
2026-08-24 18:31:14,169 INFO HTTP Request: POST https://iiutxlcayvswjhqgxibd.supabase.co/rest/v1/daily_summary?on_conflict=report_date "HTTP/2 201 Created"
2026-08-24 18:31:14,758 INFO HTTP Request: POST https://iiutxlcayvswjhqgxibd.supabase.co/rest/v1/scada_15min?on_conflict=report_date%2Ctime_block&columns=%22gas_mw%22%2C%22others_mw%22%2C%22demand_mw%22%2C%22total_gen_mw%22%2C%22time_block%22%2C%22frequency_hz%22%2C%22nuclear_mw%22%2C%22net_demand_mw%22%2C%22transnational_mw%22%2C%22solar_mw%22%2C%22report_date%22%2C%22wind_mw%22%2C%22hydro_mw%22%2C%22storage_discharge_mw%22%2C%22storage_demand_mw%22%2C%22thermal_mw%22 "HTTP/2 201 Created"
2026-08-24 18:31:15,365 INFO HTTP Request: POST https://iiutxlcayvswjhqgxibd.supabase.co/rest/v1/scada_15min?on_conflict=report_date%2Ctime_block&columns=%22gas_mw%22%2C%22others_mw%22%2C%22demand_mw%22%2C%22total_gen_mw%22%2C%22time_block%22%2C%22frequency_hz%22%2C%22nuclear_mw%22%2C%22net_demand_mw%22%2C%22transnational_mw%22%2C%22solar_mw%22%2C%22report_date%22%2C%22wind_mw%22%2C%22hydro_mw%22%2C%22storage_discharge_mw%22%2C%22storage_demand_mw%22%2C%22thermal_mw%22 "HTTP/2 201 Created"
2026-08-24 18:31:15,954 INFO HTTP Request: POST https://iiutxlcayvswjhqgxibd.supabase.co/rest/v1/state_daily?on_conflict=report_date%2Cstate&columns=%22state%22%2C%22energy_met_mu%22%2C%22peak_demand_mw%22%2C%22max_od_mw%22%2C%22od_ud_mu%22%2C%22max_ud_mw%22%2C%22region%22%2C%22report_date%22%2C%22energy_shortage_mu%22%2C%22shortage_peak_mw%22%2C%22drawal_schedule_mu%22 "HTTP/2 201 Created"
2026-08-24 18:31:18,855 INFO   PARSED 2026-07-17: 96 SCADA rows, 40 states, 66 summary fields
2026-08-24 18:31:20,517 INFO HTTP Request: POST https://iiutxlcayvswjhqgxibd.supabase.co/rest/v1/daily_summary?on_conflict=report_date "HTTP/2 201 Created"
2026-08-24 18:31:21,103 INFO HTTP Request: POST https://iiutxlcayvswjhqgxibd.supabase.co/rest/v1/scada_15min?on_conflict=report_date%2Ctime_block&columns=%22gas_mw%22%2C%22others_mw%22%2C%22demand_mw%22%2C%22total_gen_mw%22%2C%22time_block%22%2C%22frequency_hz%22%2C%22nuclear_mw%22%2C%22net_demand_mw%22%2C%22transnational_mw%22%2C%22solar_mw%22%2C%22report_date%22%2C%22wind_mw%22%2C%22hydro_mw%22%2C%22storage_discharge_mw%22%2C%22storage_demand_mw%22%2C%22thermal_mw%22 "HTTP/2 201 Created"
2026-08-24 18:31:21,785 INFO HTTP Request: POST https://iiutxlcayvswjhqgxibd.supabase.co/rest/v1/scada_15min?on_conflict=report_date%2Ctime_block&columns=%22gas_mw%22%2C%22others_mw%22%2C%22demand_mw%22%2C%22total_gen_mw%22%2C%22time_block%22%2C%22frequency_hz%22%2C%22nuclear_mw%22%2C%22net_demand_mw%22%2C%22transnational_mw%22%2C%22solar_mw%22%2C%22report_date%22%2C%22wind_mw%22%2C%22hydro_mw%22%2C%22storage_discharge_mw%22%2C%22storage_demand_mw%22%2C%22thermal_mw%22 "HTTP/2 201 Created"
2026-08-24 18:31:22,368 INFO HTTP Request: POST https://iiutxlcayvswjhqgxibd.supabase.co/rest/v1/state_daily?on_conflict=report_date%2Cstate&columns=%22state%22%2C%22energy_met_mu%22%2C%22peak_demand_mw%22%2C%22max_od_mw%22%2C%22od_ud_mu%22%2C%22max_ud_mw%22%2C%22region%22%2C%22report_date%22%2C%22energy_shortage_mu%22%2C%22shortage_peak_mw%22%2C%22drawal_schedule_mu%22 "HTTP/2 201 Created"
2026-08-24 18:31:25,760 INFO   PARSED 2026-07-18: 96 SCADA rows, 40 states, 66 summary fields
2026-08-24 18:31:27,424 INFO HTTP Request: POST https://iiutxlcayvswjhqgxibd.supabase.co/rest/v1/daily_summary?on_conflict=report_date "HTTP/2 201 Created"
2026-08-24 18:31:28,016 INFO HTTP Request: POST https://iiutxlcayvswjhqgxibd.supabase.co/rest/v1/scada_15min?on_conflict=report_date%2Ctime_block&columns=%22gas_mw%22%2C%22others_mw%22%2C%22demand_mw%22%2C%22total_gen_mw%22%2C%22time_block%22%2C%22frequency_hz%22%2C%22nuclear_mw%22%2C%22net_demand_mw%22%2C%22transnational_mw%22%2C%22solar_mw%22%2C%22report_date%22%2C%22wind_mw%22%2C%22hydro_mw%22%2C%22storage_discharge_mw%22%2C%22storage_demand_mw%22%2C%22thermal_mw%22 "HTTP/2 201 Created"
2026-08-24 18:31:28,628 INFO HTTP Request: POST https://iiutxlcayvswjhqgxibd.supabase.co/rest/v1/scada_15min?on_conflict=report_date%2Ctime_block&columns=%22gas_mw%22%2C%22others_mw%22%2C%22demand_mw%22%2C%22total_gen_mw%22%2C%22time_block%22%2C%22frequency_hz%22%2C%22nuclear_mw%22%2C%22net_demand_mw%22%2C%22transnational_mw%22%2C%22solar_mw%22%2C%22report_date%22%2C%22wind_mw%22%2C%22hydro_mw%22%2C%22storage_discharge_mw%22%2C%22storage_demand_mw%22%2C%22thermal_mw%22 "HTTP/2 201 Created"
2026-08-24 18:31:29,248 INFO HTTP Request: POST https://iiutxlcayvswjhqgxibd.supabase.co/rest/v1/state_daily?on_conflict=report_date%2Cstate&columns=%22state%22%2C%22energy_met_mu%22%2C%22peak_demand_mw%22%2C%22max_od_mw%22%2C%22od_ud_mu%22%2C%22max_ud_mw%22%2C%22region%22%2C%22report_date%22%2C%22energy_shortage_mu%22%2C%22shortage_peak_mw%22%2C%22drawal_schedule_mu%22 "HTTP/2 201 Created"
2026-08-24 18:31:31,572 INFO   PARSED 2026-07-19: 96 SCADA rows, 40 states, 66 summary fields
2026-08-24 18:31:32,768 INFO HTTP Request: POST https://iiutxlcayvswjhqgxibd.supabase.co/rest/v1/daily_summary?on_conflict=report_date "HTTP/2 201 Created"
2026-08-24 18:31:33,287 INFO HTTP Request: POST https://iiutxlcayvswjhqgxibd.supabase.co/rest/v1/scada_15min?on_conflict=report_date%2Ctime_block&columns=%22gas_mw%22%2C%22others_mw%22%2C%22demand_mw%22%2C%22total_gen_mw%22%2C%22time_block%22%2C%22frequency_hz%22%2C%22nuclear_mw%22%2C%22net_demand_mw%22%2C%22transnational_mw%22%2C%22solar_mw%22%2C%22report_date%22%2C%22wind_mw%22%2C%22hydro_mw%22%2C%22storage_discharge_mw%22%2C%22storage_demand_mw%22%2C%22thermal_mw%22 "HTTP/2 201 Created"
2026-08-24 18:31:33,786 INFO HTTP Request: POST https://iiutxlcayvswjhqgxibd.supabase.co/rest/v1/scada_15min?on_conflict=report_date%2Ctime_block&columns=%22gas_mw%22%2C%22others_mw%22%2C%22demand_mw%22%2C%22total_gen_mw%22%2C%22time_block%22%2C%22frequency_hz%22%2C%22nuclear_mw%22%2C%22net_demand_mw%22%2C%22transnational_mw%22%2C%22solar_mw%22%2C%22report_date%22%2C%22wind_mw%22%2C%22hydro_mw%22%2C%22storage_discharge_mw%22%2C%22storage_demand_mw%22%2C%22thermal_mw%22 "HTTP/2 201 Created"
2026-08-24 18:31:34,276 INFO HTTP Request: POST https://iiutxlcayvswjhqgxibd.supabase.co/rest/v1/state_daily?on_conflict=report_date%2Cstate&columns=%22state%22%2C%22energy_met_mu%22%2C%22peak_demand_mw%22%2C%22max_od_mw%22%2C%22od_ud_mu%22%2C%22max_ud_mw%22%2C%22region%22%2C%22report_date%22%2C%22energy_shortage_mu%22%2C%22shortage_peak_mw%22%2C%22drawal_schedule_mu%22 "HTTP/2 201 Created"
2026-08-24 18:31:36,543 INFO   PARSED 2026-07-20: 92 SCADA rows, 40 states, 66 summary fields
2026-08-24 18:31:37,846 INFO HTTP Request: POST https://iiutxlcayvswjhqgxibd.supabase.co/rest/v1/daily_summary?on_conflict=report_date "HTTP/2 201 Created"
2026-08-24 18:31:38,419 INFO HTTP Request: POST https://iiutxlcayvswjhqgxibd.supabase.co/rest/v1/scada_15min?on_conflict=report_date%2Ctime_block&columns=%22gas_mw%22%2C%22others_mw%22%2C%22demand_mw%22%2C%22total_gen_mw%22%2C%22time_block%22%2C%22frequency_hz%22%2C%22nuclear_mw%22%2C%22net_demand_mw%22%2C%22transnational_mw%22%2C%22solar_mw%22%2C%22report_date%22%2C%22wind_mw%22%2C%22hydro_mw%22%2C%22storage_discharge_mw%22%2C%22storage_demand_mw%22%2C%22thermal_mw%22 "HTTP/2 201 Created"
2026-08-24 18:31:38,935 INFO HTTP Request: POST https://iiutxlcayvswjhqgxibd.supabase.co/rest/v1/scada_15min?on_conflict=report_date%2Ctime_block&columns=%22gas_mw%22%2C%22others_mw%22%2C%22demand_mw%22%2C%22total_gen_mw%22%2C%22time_block%22%2C%22frequency_hz%22%2C%22nuclear_mw%22%2C%22net_demand_mw%22%2C%22transnational_mw%22%2C%22solar_mw%22%2C%22report_date%22%2C%22wind_mw%22%2C%22hydro_mw%22%2C%22storage_discharge_mw%22%2C%22storage_demand_mw%22%2C%22thermal_mw%22 "HTTP/2 201 Created"
2026-08-24 18:31:39,482 INFO HTTP Request: POST https://iiutxlcayvswjhqgxibd.supabase.co/rest/v1/state_daily?on_conflict=report_date%2Cstate&columns=%22state%22%2C%22energy_met_mu%22%2C%22peak_demand_mw%22%2C%22max_od_mw%22%2C%22od_ud_mu%22%2C%22max_ud_mw%22%2C%22region%22%2C%22report_date%22%2C%22energy_shortage_mu%22%2C%22shortage_peak_mw%22%2C%22drawal_schedule_mu%22 "HTTP/2 201 Created"
2026-08-24 18:31:41,805 INFO   PARSED 2026-07-21: 96 SCADA rows, 40 states, 66 summary fields
2026-08-24 18:31:42,827 INFO HTTP Request: POST https://iiutxlcayvswjhqgxibd.supabase.co/rest/v1/daily_summary?on_conflict=report_date "HTTP/2 201 Created"
2026-08-24 18:31:43,314 INFO HTTP Request: POST https://iiutxlcayvswjhqgxibd.supabase.co/rest/v1/scada_15min?on_conflict=report_date%2Ctime_block&columns=%22gas_mw%22%2C%22others_mw%22%2C%22demand_mw%22%2C%22total_gen_mw%22%2C%22time_block%22%2C%22frequency_hz%22%2C%22nuclear_mw%22%2C%22net_demand_mw%22%2C%22transnational_mw%22%2C%22solar_mw%22%2C%22report_date%22%2C%22wind_mw%22%2C%22hydro_mw%22%2C%22storage_discharge_mw%22%2C%22storage_demand_mw%22%2C%22thermal_mw%22 "HTTP/2 201 Created"
2026-08-24 18:31:43,863 INFO HTTP Request: POST https://iiutxlcayvswjhqgxibd.supabase.co/rest/v1/scada_15min?on_conflict=report_date%2Ctime_block&columns=%22gas_mw%22%2C%22others_mw%22%2C%22demand_mw%22%2C%22total_gen_mw%22%2C%22time_block%22%2C%22frequency_hz%22%2C%22nuclear_mw%22%2C%22net_demand_mw%22%2C%22transnational_mw%22%2C%22solar_mw%22%2C%22report_date%22%2C%22wind_mw%22%2C%22hydro_mw%22%2C%22storage_discharge_mw%22%2C%22storage_demand_mw%22%2C%22thermal_mw%22 "HTTP/2 201 Created"
2026-08-24 18:31:44,493 INFO HTTP Request: POST https://iiutxlcayvswjhqgxibd.supabase.co/rest/v1/state_daily?on_conflict=report_date%2Cstate&columns=%22state%22%2C%22energy_met_mu%22%2C%22peak_demand_mw%22%2C%22max_od_mw%22%2C%22od_ud_mu%22%2C%22max_ud_mw%22%2C%22region%22%2C%22report_date%22%2C%22energy_shortage_mu%22%2C%22shortage_peak_mw%22%2C%22drawal_schedule_mu%22 "HTTP/2 201 Created"
2026-08-24 18:31:47,176 INFO   PARSED 2026-07-22: 96 SCADA rows, 40 states, 66 summary fields
2026-08-24 18:31:48,296 INFO HTTP Request: POST https://iiutxlcayvswjhqgxibd.supabase.co/rest/v1/daily_summary?on_conflict=report_date "HTTP/2 201 Created"
2026-08-24 18:31:48,806 INFO HTTP Request: POST https://iiutxlcayvswjhqgxibd.supabase.co/rest/v1/scada_15min?on_conflict=report_date%2Ctime_block&columns=%22gas_mw%22%2C%22others_mw%22%2C%22demand_mw%22%2C%22total_gen_mw%22%2C%22time_block%22%2C%22frequency_hz%22%2C%22nuclear_mw%22%2C%22net_demand_mw%22%2C%22transnational_mw%22%2C%22solar_mw%22%2C%22report_date%22%2C%22wind_mw%22%2C%22hydro_mw%22%2C%22storage_discharge_mw%22%2C%22storage_demand_mw%22%2C%22thermal_mw%22 "HTTP/2 201 Created"
2026-08-24 18:31:49,313 INFO HTTP Request: POST https://iiutxlcayvswjhqgxibd.supabase.co/rest/v1/scada_15min?on_conflict=report_date%2Ctime_block&columns=%22gas_mw%22%2C%22others_mw%22%2C%22demand_mw%22%2C%22total_gen_mw%22%2C%22time_block%22%2C%22frequency_hz%22%2C%22nuclear_mw%22%2C%22net_demand_mw%22%2C%22transnational_mw%22%2C%22solar_mw%22%2C%22report_date%22%2C%22wind_mw%22%2C%22hydro_mw%22%2C%22storage_discharge_mw%22%2C%22storage_demand_mw%22%2C%22thermal_mw%22 "HTTP/2 201 Created"
2026-08-24 18:31:49,803 INFO HTTP Request: POST https://iiutxlcayvswjhqgxibd.supabase.co/rest/v1/state_daily?on_conflict=report_date%2Cstate&columns=%22state%22%2C%22energy_met_mu%22%2C%22peak_demand_mw%22%2C%22max_od_mw%22%2C%22od_ud_mu%22%2C%22max_ud_mw%22%2C%22region%22%2C%22report_date%22%2C%22energy_shortage_mu%22%2C%22shortage_peak_mw%22%2C%22drawal_schedule_mu%22 "HTTP/2 201 Created"
2026-08-24 18:31:52,549 INFO   PARSED 2026-07-23: 96 SCADA rows, 40 states, 66 summary fields
2026-08-24 18:31:53,783 INFO HTTP Request: POST https://iiutxlcayvswjhqgxibd.supabase.co/rest/v1/daily_summary?on_conflict=report_date "HTTP/2 201 Created"
2026-08-24 18:31:54,330 INFO HTTP Request: POST https://iiutxlcayvswjhqgxibd.supabase.co/rest/v1/scada_15min?on_conflict=report_date%2Ctime_block&columns=%22gas_mw%22%2C%22others_mw%22%2C%22demand_mw%22%2C%22total_gen_mw%22%2C%22time_block%22%2C%22frequency_hz%22%2C%22nuclear_mw%22%2C%22net_demand_mw%22%2C%22transnational_mw%22%2C%22solar_mw%22%2C%22report_date%22%2C%22wind_mw%22%2C%22hydro_mw%22%2C%22storage_discharge_mw%22%2C%22storage_demand_mw%22%2C%22thermal_mw%22 "HTTP/2 201 Created"
2026-08-24 18:31:54,884 INFO HTTP Request: POST https://iiutxlcayvswjhqgxibd.supabase.co/rest/v1/scada_15min?on_conflict=report_date%2Ctime_block&columns=%22gas_mw%22%2C%22others_mw%22%2C%22demand_mw%22%2C%22total_gen_mw%22%2C%22time_block%22%2C%22frequency_hz%22%2C%22nuclear_mw%22%2C%22net_demand_mw%22%2C%22transnational_mw%22%2C%22solar_mw%22%2C%22report_date%22%2C%22wind_mw%22%2C%22hydro_mw%22%2C%22storage_discharge_mw%22%2C%22storage_demand_mw%22%2C%22thermal_mw%22 "HTTP/2 201 Created"
2026-08-24 18:31:55,415 INFO HTTP Request: POST https://iiutxlcayvswjhqgxibd.supabase.co/rest/v1/state_daily?on_conflict=report_date%2Cstate&columns=%22state%22%2C%22energy_met_mu%22%2C%22peak_demand_mw%22%2C%22max_od_mw%22%2C%22od_ud_mu%22%2C%22max_ud_mw%22%2C%22region%22%2C%22report_date%22%2C%22energy_shortage_mu%22%2C%22shortage_peak_mw%22%2C%22drawal_schedule_mu%22 "HTTP/2 201 Created"
2026-08-24 18:31:58,030 INFO   PARSED 2026-07-24: 96 SCADA rows, 40 states, 66 summary fields
2026-08-24 18:31:59,132 INFO HTTP Request: POST https://iiutxlcayvswjhqgxibd.supabase.co/rest/v1/daily_summary?on_conflict=report_date "HTTP/2 201 Created"
2026-08-24 18:31:59,644 INFO HTTP Request: POST https://iiutxlcayvswjhqgxibd.supabase.co/rest/v1/scada_15min?on_conflict=report_date%2Ctime_block&columns=%22gas_mw%22%2C%22others_mw%22%2C%22demand_mw%22%2C%22total_gen_mw%22%2C%22time_block%22%2C%22frequency_hz%22%2C%22nuclear_mw%22%2C%22net_demand_mw%22%2C%22transnational_mw%22%2C%22solar_mw%22%2C%22report_date%22%2C%22wind_mw%22%2C%22hydro_mw%22%2C%22storage_discharge_mw%22%2C%22storage_demand_mw%22%2C%22thermal_mw%22 "HTTP/2 201 Created"
2026-08-24 18:32:00,152 INFO HTTP Request: POST https://iiutxlcayvswjhqgxibd.supabase.co/rest/v1/scada_15min?on_conflict=report_date%2Ctime_block&columns=%22gas_mw%22%2C%22others_mw%22%2C%22demand_mw%22%2C%22total_gen_mw%22%2C%22time_block%22%2C%22frequency_hz%22%2C%22nuclear_mw%22%2C%22net_demand_mw%22%2C%22transnational_mw%22%2C%22solar_mw%22%2C%22report_date%22%2C%22wind_mw%22%2C%22hydro_mw%22%2C%22storage_discharge_mw%22%2C%22storage_demand_mw%22%2C%22thermal_mw%22 "HTTP/2 201 Created"
2026-08-24 18:32:00,660 INFO HTTP Request: POST https://iiutxlcayvswjhqgxibd.supabase.co/rest/v1/state_daily?on_conflict=report_date%2Cstate&columns=%22state%22%2C%22energy_met_mu%22%2C%22peak_demand_mw%22%2C%22max_od_mw%22%2C%22od_ud_mu%22%2C%22max_ud_mw%22%2C%22region%22%2C%22report_date%22%2C%22energy_shortage_mu%22%2C%22shortage_peak_mw%22%2C%22drawal_schedule_mu%22 "HTTP/2 201 Created"
2026-08-24 18:32:03,023 INFO   PARSED 2026-07-25: 96 SCADA rows, 40 states, 66 summary fields
2026-08-24 18:32:04,083 INFO HTTP Request: POST https://iiutxlcayvswjhqgxibd.supabase.co/rest/v1/daily_summary?on_conflict=report_date "HTTP/2 201 Created"
2026-08-24 18:32:04,697 INFO HTTP Request: POST https://iiutxlcayvswjhqgxibd.supabase.co/rest/v1/scada_15min?on_conflict=report_date%2Ctime_block&columns=%22gas_mw%22%2C%22others_mw%22%2C%22demand_mw%22%2C%22total_gen_mw%22%2C%22time_block%22%2C%22frequency_hz%22%2C%22nuclear_mw%22%2C%22net_demand_mw%22%2C%22transnational_mw%22%2C%22solar_mw%22%2C%22report_date%22%2C%22wind_mw%22%2C%22hydro_mw%22%2C%22storage_discharge_mw%22%2C%22storage_demand_mw%22%2C%22thermal_mw%22 "HTTP/2 201 Created"
2026-08-24 18:32:05,256 INFO HTTP Request: POST https://iiutxlcayvswjhqgxibd.supabase.co/rest/v1/scada_15min?on_conflict=report_date%2Ctime_block&columns=%22gas_mw%22%2C%22others_mw%22%2C%22demand_mw%22%2C%22total_gen_mw%22%2C%22time_block%22%2C%22frequency_hz%22%2C%22nuclear_mw%22%2C%22net_demand_mw%22%2C%22transnational_mw%22%2C%22solar_mw%22%2C%22report_date%22%2C%22wind_mw%22%2C%22hydro_mw%22%2C%22storage_discharge_mw%22%2C%22storage_demand_mw%22%2C%22thermal_mw%22 "HTTP/2 201 Created"
2026-08-24 18:32:05,776 INFO HTTP Request: POST https://iiutxlcayvswjhqgxibd.supabase.co/rest/v1/state_daily?on_conflict=report_date%2Cstate&columns=%22state%22%2C%22energy_met_mu%22%2C%22peak_demand_mw%22%2C%22max_od_mw%22%2C%22od_ud_mu%22%2C%22max_ud_mw%22%2C%22region%22%2C%22report_date%22%2C%22energy_shortage_mu%22%2C%22shortage_peak_mw%22%2C%22drawal_schedule_mu%22 "HTTP/2 201 Created"
2026-08-24 18:32:08,035 INFO   PARSED 2026-07-26: 96 SCADA rows, 40 states, 66 summary fields
2026-08-24 18:32:09,124 INFO HTTP Request: POST https://iiutxlcayvswjhqgxibd.supabase.co/rest/v1/daily_summary?on_conflict=report_date "HTTP/2 201 Created"
2026-08-24 18:32:09,660 INFO HTTP Request: POST https://iiutxlcayvswjhqgxibd.supabase.co/rest/v1/scada_15min?on_conflict=report_date%2Ctime_block&columns=%22gas_mw%22%2C%22others_mw%22%2C%22demand_mw%22%2C%22total_gen_mw%22%2C%22time_block%22%2C%22frequency_hz%22%2C%22nuclear_mw%22%2C%22net_demand_mw%22%2C%22transnational_mw%22%2C%22solar_mw%22%2C%22report_date%22%2C%22wind_mw%22%2C%22hydro_mw%22%2C%22storage_discharge_mw%22%2C%22storage_demand_mw%22%2C%22thermal_mw%22 "HTTP/2 201 Created"
2026-08-24 18:32:10,209 INFO HTTP Request: POST https://iiutxlcayvswjhqgxibd.supabase.co/rest/v1/scada_15min?on_conflict=report_date%2Ctime_block&columns=%22gas_mw%22%2C%22others_mw%22%2C%22demand_mw%22%2C%22total_gen_mw%22%2C%22time_block%22%2C%22frequency_hz%22%2C%22nuclear_mw%22%2C%22net_demand_mw%22%2C%22transnational_mw%22%2C%22solar_mw%22%2C%22report_date%22%2C%22wind_mw%22%2C%22hydro_mw%22%2C%22storage_discharge_mw%22%2C%22storage_demand_mw%22%2C%22thermal_mw%22 "HTTP/2 201 Created"
2026-08-24 18:32:10,705 INFO HTTP Request: POST https://iiutxlcayvswjhqgxibd.supabase.co/rest/v1/state_daily?on_conflict=report_date%2Cstate&columns=%22state%22%2C%22energy_met_mu%22%2C%22peak_demand_mw%22%2C%22max_od_mw%22%2C%22od_ud_mu%22%2C%22max_ud_mw%22%2C%22region%22%2C%22report_date%22%2C%22energy_shortage_mu%22%2C%22shortage_peak_mw%22%2C%22drawal_schedule_mu%22 "HTTP/2 201 Created"
2026-08-24 18:32:12,861 INFO   PARSED 2026-07-27: 92 SCADA rows, 40 states, 66 summary fields
2026-08-24 18:32:13,942 INFO HTTP Request: POST https://iiutxlcayvswjhqgxibd.supabase.co/rest/v1/daily_summary?on_conflict=report_date "HTTP/2 201 Created"
2026-08-24 18:32:14,443 INFO HTTP Request: POST https://iiutxlcayvswjhqgxibd.supabase.co/rest/v1/scada_15min?on_conflict=report_date%2Ctime_block&columns=%22gas_mw%22%2C%22others_mw%22%2C%22demand_mw%22%2C%22total_gen_mw%22%2C%22time_block%22%2C%22frequency_hz%22%2C%22nuclear_mw%22%2C%22net_demand_mw%22%2C%22transnational_mw%22%2C%22solar_mw%22%2C%22report_date%22%2C%22wind_mw%22%2C%22hydro_mw%22%2C%22storage_discharge_mw%22%2C%22storage_demand_mw%22%2C%22thermal_mw%22 "HTTP/2 201 Created"
2026-08-24 18:32:14,949 INFO HTTP Request: POST https://iiutxlcayvswjhqgxibd.supabase.co/rest/v1/scada_15min?on_conflict=report_date%2Ctime_block&columns=%22gas_mw%22%2C%22others_mw%22%2C%22demand_mw%22%2C%22total_gen_mw%22%2C%22time_block%22%2C%22frequency_hz%22%2C%22nuclear_mw%22%2C%22net_demand_mw%22%2C%22transnational_mw%22%2C%22solar_mw%22%2C%22report_date%22%2C%22wind_mw%22%2C%22hydro_mw%22%2C%22storage_discharge_mw%22%2C%22storage_demand_mw%22%2C%22thermal_mw%22 "HTTP/2 201 Created"
2026-08-24 18:32:15,444 INFO HTTP Request: POST https://iiutxlcayvswjhqgxibd.supabase.co/rest/v1/state_daily?on_conflict=report_date%2Cstate&columns=%22state%22%2C%22energy_met_mu%22%2C%22peak_demand_mw%22%2C%22max_od_mw%22%2C%22od_ud_mu%22%2C%22max_ud_mw%22%2C%22region%22%2C%22report_date%22%2C%22energy_shortage_mu%22%2C%22shortage_peak_mw%22%2C%22drawal_schedule_mu%22 "HTTP/2 201 Created"
2026-08-24 18:32:17,586 INFO   PARSED 2026-07-28: 96 SCADA rows, 40 states, 66 summary fields
2026-08-24 18:32:18,687 INFO HTTP Request: POST https://iiutxlcayvswjhqgxibd.supabase.co/rest/v1/daily_summary?on_conflict=report_date "HTTP/2 201 Created"
2026-08-24 18:32:19,179 INFO HTTP Request: POST https://iiutxlcayvswjhqgxibd.supabase.co/rest/v1/scada_15min?on_conflict=report_date%2Ctime_block&columns=%22gas_mw%22%2C%22others_mw%22%2C%22demand_mw%22%2C%22total_gen_mw%22%2C%22time_block%22%2C%22frequency_hz%22%2C%22nuclear_mw%22%2C%22net_demand_mw%22%2C%22transnational_mw%22%2C%22solar_mw%22%2C%22report_date%22%2C%22wind_mw%22%2C%22hydro_mw%22%2C%22storage_discharge_mw%22%2C%22storage_demand_mw%22%2C%22thermal_mw%22 "HTTP/2 201 Created"
2026-08-24 18:32:19,707 INFO HTTP Request: POST https://iiutxlcayvswjhqgxibd.supabase.co/rest/v1/scada_15min?on_conflict=report_date%2Ctime_block&columns=%22gas_mw%22%2C%22others_mw%22%2C%22demand_mw%22%2C%22total_gen_mw%22%2C%22time_block%22%2C%22frequency_hz%22%2C%22nuclear_mw%22%2C%22net_demand_mw%22%2C%22transnational_mw%22%2C%22solar_mw%22%2C%22report_date%22%2C%22wind_mw%22%2C%22hydro_mw%22%2C%22storage_discharge_mw%22%2C%22storage_demand_mw%22%2C%22thermal_mw%22 "HTTP/2 201 Created"
2026-08-24 18:32:20,204 INFO HTTP Request: POST https://iiutxlcayvswjhqgxibd.supabase.co/rest/v1/state_daily?on_conflict=report_date%2Cstate&columns=%22state%22%2C%22energy_met_mu%22%2C%22peak_demand_mw%22%2C%22max_od_mw%22%2C%22od_ud_mu%22%2C%22max_ud_mw%22%2C%22region%22%2C%22report_date%22%2C%22energy_shortage_mu%22%2C%22shortage_peak_mw%22%2C%22drawal_schedule_mu%22 "HTTP/2 201 Created"
2026-08-24 18:32:22,248 INFO   PARSED 2026-07-29: 96 SCADA rows, 40 states, 66 summary fields
2026-08-24 18:32:23,316 INFO HTTP Request: POST https://iiutxlcayvswjhqgxibd.supabase.co/rest/v1/daily_summary?on_conflict=report_date "HTTP/2 201 Created"
2026-08-24 18:32:23,812 INFO HTTP Request: POST https://iiutxlcayvswjhqgxibd.supabase.co/rest/v1/scada_15min?on_conflict=report_date%2Ctime_block&columns=%22gas_mw%22%2C%22others_mw%22%2C%22demand_mw%22%2C%22total_gen_mw%22%2C%22time_block%22%2C%22frequency_hz%22%2C%22nuclear_mw%22%2C%22net_demand_mw%22%2C%22transnational_mw%22%2C%22solar_mw%22%2C%22report_date%22%2C%22wind_mw%22%2C%22hydro_mw%22%2C%22storage_discharge_mw%22%2C%22storage_demand_mw%22%2C%22thermal_mw%22 "HTTP/2 201 Created"
2026-08-24 18:32:24,330 INFO HTTP Request: POST https://iiutxlcayvswjhqgxibd.supabase.co/rest/v1/scada_15min?on_conflict=report_date%2Ctime_block&columns=%22gas_mw%22%2C%22others_mw%22%2C%22demand_mw%22%2C%22total_gen_mw%22%2C%22time_block%22%2C%22frequency_hz%22%2C%22nuclear_mw%22%2C%22net_demand_mw%22%2C%22transnational_mw%22%2C%22solar_mw%22%2C%22report_date%22%2C%22wind_mw%22%2C%22hydro_mw%22%2C%22storage_discharge_mw%22%2C%22storage_demand_mw%22%2C%22thermal_mw%22 "HTTP/2 201 Created"
2026-08-24 18:32:24,837 INFO HTTP Request: POST https://iiutxlcayvswjhqgxibd.supabase.co/rest/v1/state_daily?on_conflict=report_date%2Cstate&columns=%22state%22%2C%22energy_met_mu%22%2C%22peak_demand_mw%22%2C%22max_od_mw%22%2C%22od_ud_mu%22%2C%22max_ud_mw%22%2C%22region%22%2C%22report_date%22%2C%22energy_shortage_mu%22%2C%22shortage_peak_mw%22%2C%22drawal_schedule_mu%22 "HTTP/2 201 Created"
2026-08-24 18:32:26,981 INFO   PARSED 2026-07-30: 96 SCADA rows, 40 states, 66 summary fields
2026-08-24 18:32:28,041 INFO HTTP Request: POST https://iiutxlcayvswjhqgxibd.supabase.co/rest/v1/daily_summary?on_conflict=report_date "HTTP/2 201 Created"
2026-08-24 18:32:28,559 INFO HTTP Request: POST https://iiutxlcayvswjhqgxibd.supabase.co/rest/v1/scada_15min?on_conflict=report_date%2Ctime_block&columns=%22gas_mw%22%2C%22others_mw%22%2C%22demand_mw%22%2C%22total_gen_mw%22%2C%22time_block%22%2C%22frequency_hz%22%2C%22nuclear_mw%22%2C%22net_demand_mw%22%2C%22transnational_mw%22%2C%22solar_mw%22%2C%22report_date%22%2C%22wind_mw%22%2C%22hydro_mw%22%2C%22storage_discharge_mw%22%2C%22storage_demand_mw%22%2C%22thermal_mw%22 "HTTP/2 201 Created"
2026-08-24 18:32:29,058 INFO HTTP Request: POST https://iiutxlcayvswjhqgxibd.supabase.co/rest/v1/scada_15min?on_conflict=report_date%2Ctime_block&columns=%22gas_mw%22%2C%22others_mw%22%2C%22demand_mw%22%2C%22total_gen_mw%22%2C%22time_block%22%2C%22frequency_hz%22%2C%22nuclear_mw%22%2C%22net_demand_mw%22%2C%22transnational_mw%22%2C%22solar_mw%22%2C%22report_date%22%2C%22wind_mw%22%2C%22hydro_mw%22%2C%22storage_discharge_mw%22%2C%22storage_demand_mw%22%2C%22thermal_mw%22 "HTTP/2 201 Created"
2026-08-24 18:32:29,554 INFO HTTP Request: POST https://iiutxlcayvswjhqgxibd.supabase.co/rest/v1/state_daily?on_conflict=report_date%2Cstate&columns=%22state%22%2C%22energy_met_mu%22%2C%22peak_demand_mw%22%2C%22max_od_mw%22%2C%22od_ud_mu%22%2C%22max_ud_mw%22%2C%22region%22%2C%22report_date%22%2C%22energy_shortage_mu%22%2C%22shortage_peak_mw%22%2C%22drawal_schedule_mu%22 "HTTP/2 201 Created"
2026-08-24 18:32:31,696 INFO   PARSED 2026-07-31: 96 SCADA rows, 40 states, 66 summary fields
2026-08-24 18:32:32,746 INFO HTTP Request: POST https://iiutxlcayvswjhqgxibd.supabase.co/rest/v1/daily_summary?on_conflict=report_date "HTTP/2 201 Created"
2026-08-24 18:32:33,255 INFO HTTP Request: POST https://iiutxlcayvswjhqgxibd.supabase.co/rest/v1/scada_15min?on_conflict=report_date%2Ctime_block&columns=%22gas_mw%22%2C%22others_mw%22%2C%22demand_mw%22%2C%22total_gen_mw%22%2C%22time_block%22%2C%22frequency_hz%22%2C%22nuclear_mw%22%2C%22net_demand_mw%22%2C%22transnational_mw%22%2C%22solar_mw%22%2C%22report_date%22%2C%22wind_mw%22%2C%22hydro_mw%22%2C%22storage_discharge_mw%22%2C%22storage_demand_mw%22%2C%22thermal_mw%22 "HTTP/2 201 Created"
2026-08-24 18:32:33,747 INFO HTTP Request: POST https://iiutxlcayvswjhqgxibd.supabase.co/rest/v1/scada_15min?on_conflict=report_date%2Ctime_block&columns=%22gas_mw%22%2C%22others_mw%22%2C%22demand_mw%22%2C%22total_gen_mw%22%2C%22time_block%22%2C%22frequency_hz%22%2C%22nuclear_mw%22%2C%22net_demand_mw%22%2C%22transnational_mw%22%2C%22solar_mw%22%2C%22report_date%22%2C%22wind_mw%22%2C%22hydro_mw%22%2C%22storage_discharge_mw%22%2C%22storage_demand_mw%22%2C%22thermal_mw%22 "HTTP/2 201 Created"
2026-08-24 18:32:34,248 INFO HTTP Request: POST https://iiutxlcayvswjhqgxibd.supabase.co/rest/v1/state_daily?on_conflict=report_date%2Cstate&columns=%22state%22%2C%22energy_met_mu%22%2C%22peak_demand_mw%22%2C%22max_od_mw%22%2C%22od_ud_mu%22%2C%22max_ud_mw%22%2C%22region%22%2C%22report_date%22%2C%22energy_shortage_mu%22%2C%22shortage_peak_mw%22%2C%22drawal_schedule_mu%22 "HTTP/2 201 Created"
2026-08-24 18:32:34,257 INFO 
Done: 31 OK, 0 failed, 0 skipped
2026-08-24 23:26:37,531 INFO Found 23 PDFs in pdfs\raw
2026-08-24 23:26:39,307 INFO   PARSED 2026-08-01: 96 SCADA rows, 40 states, 66 summary fields
2026-08-24 23:26:41,757 INFO HTTP Request: POST https://iiutxlcayvswjhqgxibd.supabase.co/rest/v1/daily_summary?on_conflict=report_date "HTTP/2 201 Created"
2026-08-24 23:26:42,382 INFO HTTP Request: POST https://iiutxlcayvswjhqgxibd.supabase.co/rest/v1/scada_15min?on_conflict=report_date%2Ctime_block&columns=%22storage_discharge_mw%22%2C%22nuclear_mw%22%2C%22wind_mw%22%2C%22hydro_mw%22%2C%22report_date%22%2C%22demand_mw%22%2C%22thermal_mw%22%2C%22storage_demand_mw%22%2C%22transnational_mw%22%2C%22frequency_hz%22%2C%22gas_mw%22%2C%22net_demand_mw%22%2C%22others_mw%22%2C%22solar_mw%22%2C%22total_gen_mw%22%2C%22time_block%22 "HTTP/2 201 Created"
2026-08-24 23:26:43,419 INFO HTTP Request: POST https://iiutxlcayvswjhqgxibd.supabase.co/rest/v1/scada_15min?on_conflict=report_date%2Ctime_block&columns=%22storage_discharge_mw%22%2C%22nuclear_mw%22%2C%22wind_mw%22%2C%22hydro_mw%22%2C%22report_date%22%2C%22demand_mw%22%2C%22thermal_mw%22%2C%22storage_demand_mw%22%2C%22transnational_mw%22%2C%22frequency_hz%22%2C%22gas_mw%22%2C%22net_demand_mw%22%2C%22others_mw%22%2C%22solar_mw%22%2C%22total_gen_mw%22%2C%22time_block%22 "HTTP/2 201 Created"
2026-08-24 23:26:44,333 INFO HTTP Request: POST https://iiutxlcayvswjhqgxibd.supabase.co/rest/v1/state_daily?on_conflict=report_date%2Cstate&columns=%22od_ud_mu%22%2C%22report_date%22%2C%22shortage_peak_mw%22%2C%22state%22%2C%22max_od_mw%22%2C%22energy_met_mu%22%2C%22peak_demand_mw%22%2C%22region%22%2C%22max_ud_mw%22%2C%22energy_shortage_mu%22%2C%22drawal_schedule_mu%22 "HTTP/2 201 Created"
2026-08-24 23:26:46,071 INFO   PARSED 2026-08-02: 96 SCADA rows, 40 states, 66 summary fields
2026-08-24 23:26:47,231 INFO HTTP Request: POST https://iiutxlcayvswjhqgxibd.supabase.co/rest/v1/daily_summary?on_conflict=report_date "HTTP/2 201 Created"
2026-08-24 23:26:47,729 INFO HTTP Request: POST https://iiutxlcayvswjhqgxibd.supabase.co/rest/v1/scada_15min?on_conflict=report_date%2Ctime_block&columns=%22storage_discharge_mw%22%2C%22nuclear_mw%22%2C%22wind_mw%22%2C%22hydro_mw%22%2C%22report_date%22%2C%22demand_mw%22%2C%22thermal_mw%22%2C%22storage_demand_mw%22%2C%22transnational_mw%22%2C%22frequency_hz%22%2C%22gas_mw%22%2C%22net_demand_mw%22%2C%22others_mw%22%2C%22solar_mw%22%2C%22total_gen_mw%22%2C%22time_block%22 "HTTP/2 201 Created"
2026-08-24 23:26:48,226 INFO HTTP Request: POST https://iiutxlcayvswjhqgxibd.supabase.co/rest/v1/scada_15min?on_conflict=report_date%2Ctime_block&columns=%22storage_discharge_mw%22%2C%22nuclear_mw%22%2C%22wind_mw%22%2C%22hydro_mw%22%2C%22report_date%22%2C%22demand_mw%22%2C%22thermal_mw%22%2C%22storage_demand_mw%22%2C%22transnational_mw%22%2C%22frequency_hz%22%2C%22gas_mw%22%2C%22net_demand_mw%22%2C%22others_mw%22%2C%22solar_mw%22%2C%22total_gen_mw%22%2C%22time_block%22 "HTTP/2 201 Created"
2026-08-24 23:26:48,756 INFO HTTP Request: POST https://iiutxlcayvswjhqgxibd.supabase.co/rest/v1/state_daily?on_conflict=report_date%2Cstate&columns=%22od_ud_mu%22%2C%22report_date%22%2C%22shortage_peak_mw%22%2C%22state%22%2C%22max_od_mw%22%2C%22energy_met_mu%22%2C%22peak_demand_mw%22%2C%22region%22%2C%22max_ud_mw%22%2C%22energy_shortage_mu%22%2C%22drawal_schedule_mu%22 "HTTP/2 201 Created"
2026-08-24 23:26:50,478 INFO   PARSED 2026-08-03: 96 SCADA rows, 40 states, 66 summary fields
2026-08-24 23:26:51,713 INFO HTTP Request: POST https://iiutxlcayvswjhqgxibd.supabase.co/rest/v1/daily_summary?on_conflict=report_date "HTTP/2 201 Created"
2026-08-24 23:26:52,285 INFO HTTP Request: POST https://iiutxlcayvswjhqgxibd.supabase.co/rest/v1/scada_15min?on_conflict=report_date%2Ctime_block&columns=%22storage_discharge_mw%22%2C%22nuclear_mw%22%2C%22wind_mw%22%2C%22hydro_mw%22%2C%22report_date%22%2C%22demand_mw%22%2C%22thermal_mw%22%2C%22storage_demand_mw%22%2C%22transnational_mw%22%2C%22frequency_hz%22%2C%22gas_mw%22%2C%22net_demand_mw%22%2C%22others_mw%22%2C%22solar_mw%22%2C%22total_gen_mw%22%2C%22time_block%22 "HTTP/2 201 Created"
2026-08-24 23:26:52,809 INFO HTTP Request: POST https://iiutxlcayvswjhqgxibd.supabase.co/rest/v1/scada_15min?on_conflict=report_date%2Ctime_block&columns=%22storage_discharge_mw%22%2C%22nuclear_mw%22%2C%22wind_mw%22%2C%22hydro_mw%22%2C%22report_date%22%2C%22demand_mw%22%2C%22thermal_mw%22%2C%22storage_demand_mw%22%2C%22transnational_mw%22%2C%22frequency_hz%22%2C%22gas_mw%22%2C%22net_demand_mw%22%2C%22others_mw%22%2C%22solar_mw%22%2C%22total_gen_mw%22%2C%22time_block%22 "HTTP/2 201 Created"
2026-08-24 23:26:53,251 INFO HTTP Request: POST https://iiutxlcayvswjhqgxibd.supabase.co/rest/v1/state_daily?on_conflict=report_date%2Cstate&columns=%22od_ud_mu%22%2C%22report_date%22%2C%22shortage_peak_mw%22%2C%22state%22%2C%22max_od_mw%22%2C%22energy_met_mu%22%2C%22peak_demand_mw%22%2C%22region%22%2C%22max_ud_mw%22%2C%22energy_shortage_mu%22%2C%22drawal_schedule_mu%22 "HTTP/2 201 Created"
2026-08-24 23:26:55,062 INFO   PARSED 2026-08-04: 96 SCADA rows, 40 states, 66 summary fields
2026-08-24 23:26:56,005 INFO HTTP Request: POST https://iiutxlcayvswjhqgxibd.supabase.co/rest/v1/daily_summary?on_conflict=report_date "HTTP/2 201 Created"
2026-08-24 23:26:56,465 INFO HTTP Request: POST https://iiutxlcayvswjhqgxibd.supabase.co/rest/v1/scada_15min?on_conflict=report_date%2Ctime_block&columns=%22storage_discharge_mw%22%2C%22nuclear_mw%22%2C%22wind_mw%22%2C%22hydro_mw%22%2C%22report_date%22%2C%22demand_mw%22%2C%22thermal_mw%22%2C%22storage_demand_mw%22%2C%22transnational_mw%22%2C%22frequency_hz%22%2C%22gas_mw%22%2C%22net_demand_mw%22%2C%22others_mw%22%2C%22solar_mw%22%2C%22total_gen_mw%22%2C%22time_block%22 "HTTP/2 201 Created"
2026-08-24 23:26:56,986 INFO HTTP Request: POST https://iiutxlcayvswjhqgxibd.supabase.co/rest/v1/scada_15min?on_conflict=report_date%2Ctime_block&columns=%22storage_discharge_mw%22%2C%22nuclear_mw%22%2C%22wind_mw%22%2C%22hydro_mw%22%2C%22report_date%22%2C%22demand_mw%22%2C%22thermal_mw%22%2C%22storage_demand_mw%22%2C%22transnational_mw%22%2C%22frequency_hz%22%2C%22gas_mw%22%2C%22net_demand_mw%22%2C%22others_mw%22%2C%22solar_mw%22%2C%22total_gen_mw%22%2C%22time_block%22 "HTTP/2 201 Created"
2026-08-24 23:26:57,522 INFO HTTP Request: POST https://iiutxlcayvswjhqgxibd.supabase.co/rest/v1/state_daily?on_conflict=report_date%2Cstate&columns=%22od_ud_mu%22%2C%22report_date%22%2C%22shortage_peak_mw%22%2C%22state%22%2C%22max_od_mw%22%2C%22energy_met_mu%22%2C%22peak_demand_mw%22%2C%22region%22%2C%22max_ud_mw%22%2C%22energy_shortage_mu%22%2C%22drawal_schedule_mu%22 "HTTP/2 201 Created"
2026-08-24 23:26:59,235 INFO   PARSED 2026-08-05: 96 SCADA rows, 40 states, 66 summary fields
2026-08-24 23:27:00,140 INFO HTTP Request: POST https://iiutxlcayvswjhqgxibd.supabase.co/rest/v1/daily_summary?on_conflict=report_date "HTTP/2 201 Created"
2026-08-24 23:27:00,695 INFO HTTP Request: POST https://iiutxlcayvswjhqgxibd.supabase.co/rest/v1/scada_15min?on_conflict=report_date%2Ctime_block&columns=%22storage_discharge_mw%22%2C%22nuclear_mw%22%2C%22wind_mw%22%2C%22hydro_mw%22%2C%22report_date%22%2C%22demand_mw%22%2C%22thermal_mw%22%2C%22storage_demand_mw%22%2C%22transnational_mw%22%2C%22frequency_hz%22%2C%22gas_mw%22%2C%22net_demand_mw%22%2C%22others_mw%22%2C%22solar_mw%22%2C%22total_gen_mw%22%2C%22time_block%22 "HTTP/2 201 Created"
2026-08-24 23:27:01,157 INFO HTTP Request: POST https://iiutxlcayvswjhqgxibd.supabase.co/rest/v1/scada_15min?on_conflict=report_date%2Ctime_block&columns=%22storage_discharge_mw%22%2C%22nuclear_mw%22%2C%22wind_mw%22%2C%22hydro_mw%22%2C%22report_date%22%2C%22demand_mw%22%2C%22thermal_mw%22%2C%22storage_demand_mw%22%2C%22transnational_mw%22%2C%22frequency_hz%22%2C%22gas_mw%22%2C%22net_demand_mw%22%2C%22others_mw%22%2C%22solar_mw%22%2C%22total_gen_mw%22%2C%22time_block%22 "HTTP/2 201 Created"
2026-08-24 23:27:01,697 INFO HTTP Request: POST https://iiutxlcayvswjhqgxibd.supabase.co/rest/v1/state_daily?on_conflict=report_date%2Cstate&columns=%22od_ud_mu%22%2C%22report_date%22%2C%22shortage_peak_mw%22%2C%22state%22%2C%22max_od_mw%22%2C%22energy_met_mu%22%2C%22peak_demand_mw%22%2C%22region%22%2C%22max_ud_mw%22%2C%22energy_shortage_mu%22%2C%22drawal_schedule_mu%22 "HTTP/2 201 Created"
2026-08-24 23:27:03,433 INFO   PARSED 2026-08-06: 96 SCADA rows, 40 states, 66 summary fields
2026-08-24 23:27:04,417 INFO HTTP Request: POST https://iiutxlcayvswjhqgxibd.supabase.co/rest/v1/daily_summary?on_conflict=report_date "HTTP/2 201 Created"
2026-08-24 23:27:04,926 INFO HTTP Request: POST https://iiutxlcayvswjhqgxibd.supabase.co/rest/v1/scada_15min?on_conflict=report_date%2Ctime_block&columns=%22storage_discharge_mw%22%2C%22nuclear_mw%22%2C%22wind_mw%22%2C%22hydro_mw%22%2C%22report_date%22%2C%22demand_mw%22%2C%22thermal_mw%22%2C%22storage_demand_mw%22%2C%22transnational_mw%22%2C%22frequency_hz%22%2C%22gas_mw%22%2C%22net_demand_mw%22%2C%22others_mw%22%2C%22solar_mw%22%2C%22total_gen_mw%22%2C%22time_block%22 "HTTP/2 201 Created"
2026-08-24 23:27:05,486 INFO HTTP Request: POST https://iiutxlcayvswjhqgxibd.supabase.co/rest/v1/scada_15min?on_conflict=report_date%2Ctime_block&columns=%22storage_discharge_mw%22%2C%22nuclear_mw%22%2C%22wind_mw%22%2C%22hydro_mw%22%2C%22report_date%22%2C%22demand_mw%22%2C%22thermal_mw%22%2C%22storage_demand_mw%22%2C%22transnational_mw%22%2C%22frequency_hz%22%2C%22gas_mw%22%2C%22net_demand_mw%22%2C%22others_mw%22%2C%22solar_mw%22%2C%22total_gen_mw%22%2C%22time_block%22 "HTTP/2 201 Created"
2026-08-24 23:27:06,034 INFO HTTP Request: POST https://iiutxlcayvswjhqgxibd.supabase.co/rest/v1/state_daily?on_conflict=report_date%2Cstate&columns=%22od_ud_mu%22%2C%22report_date%22%2C%22shortage_peak_mw%22%2C%22state%22%2C%22max_od_mw%22%2C%22energy_met_mu%22%2C%22peak_demand_mw%22%2C%22region%22%2C%22max_ud_mw%22%2C%22energy_shortage_mu%22%2C%22drawal_schedule_mu%22 "HTTP/2 201 Created"
2026-08-24 23:27:07,625 INFO   PARSED 2026-08-07: 96 SCADA rows, 40 states, 66 summary fields
2026-08-24 23:27:08,647 INFO HTTP Request: POST https://iiutxlcayvswjhqgxibd.supabase.co/rest/v1/daily_summary?on_conflict=report_date "HTTP/2 201 Created"
2026-08-24 23:27:09,163 INFO HTTP Request: POST https://iiutxlcayvswjhqgxibd.supabase.co/rest/v1/scada_15min?on_conflict=report_date%2Ctime_block&columns=%22storage_discharge_mw%22%2C%22nuclear_mw%22%2C%22wind_mw%22%2C%22hydro_mw%22%2C%22report_date%22%2C%22demand_mw%22%2C%22thermal_mw%22%2C%22storage_demand_mw%22%2C%22transnational_mw%22%2C%22frequency_hz%22%2C%22gas_mw%22%2C%22net_demand_mw%22%2C%22others_mw%22%2C%22solar_mw%22%2C%22total_gen_mw%22%2C%22time_block%22 "HTTP/2 201 Created"
2026-08-24 23:27:09,749 INFO HTTP Request: POST https://iiutxlcayvswjhqgxibd.supabase.co/rest/v1/scada_15min?on_conflict=report_date%2Ctime_block&columns=%22storage_discharge_mw%22%2C%22nuclear_mw%22%2C%22wind_mw%22%2C%22hydro_mw%22%2C%22report_date%22%2C%22demand_mw%22%2C%22thermal_mw%22%2C%22storage_demand_mw%22%2C%22transnational_mw%22%2C%22frequency_hz%22%2C%22gas_mw%22%2C%22net_demand_mw%22%2C%22others_mw%22%2C%22solar_mw%22%2C%22total_gen_mw%22%2C%22time_block%22 "HTTP/2 201 Created"
2026-08-24 23:27:10,224 INFO HTTP Request: POST https://iiutxlcayvswjhqgxibd.supabase.co/rest/v1/state_daily?on_conflict=report_date%2Cstate&columns=%22od_ud_mu%22%2C%22report_date%22%2C%22shortage_peak_mw%22%2C%22state%22%2C%22max_od_mw%22%2C%22energy_met_mu%22%2C%22peak_demand_mw%22%2C%22region%22%2C%22max_ud_mw%22%2C%22energy_shortage_mu%22%2C%22drawal_schedule_mu%22 "HTTP/2 201 Created"
2026-08-24 23:27:11,944 INFO   PARSED 2026-08-08: 96 SCADA rows, 40 states, 66 summary fields
2026-08-24 23:27:12,965 INFO HTTP Request: POST https://iiutxlcayvswjhqgxibd.supabase.co/rest/v1/daily_summary?on_conflict=report_date "HTTP/2 201 Created"
2026-08-24 23:27:13,524 INFO HTTP Request: POST https://iiutxlcayvswjhqgxibd.supabase.co/rest/v1/scada_15min?on_conflict=report_date%2Ctime_block&columns=%22storage_discharge_mw%22%2C%22nuclear_mw%22%2C%22wind_mw%22%2C%22hydro_mw%22%2C%22report_date%22%2C%22demand_mw%22%2C%22thermal_mw%22%2C%22storage_demand_mw%22%2C%22transnational_mw%22%2C%22frequency_hz%22%2C%22gas_mw%22%2C%22net_demand_mw%22%2C%22others_mw%22%2C%22solar_mw%22%2C%22total_gen_mw%22%2C%22time_block%22 "HTTP/2 201 Created"
2026-08-24 23:27:14,090 INFO HTTP Request: POST https://iiutxlcayvswjhqgxibd.supabase.co/rest/v1/scada_15min?on_conflict=report_date%2Ctime_block&columns=%22storage_discharge_mw%22%2C%22nuclear_mw%22%2C%22wind_mw%22%2C%22hydro_mw%22%2C%22report_date%22%2C%22demand_mw%22%2C%22thermal_mw%22%2C%22storage_demand_mw%22%2C%22transnational_mw%22%2C%22frequency_hz%22%2C%22gas_mw%22%2C%22net_demand_mw%22%2C%22others_mw%22%2C%22solar_mw%22%2C%22total_gen_mw%22%2C%22time_block%22 "HTTP/2 201 Created"
2026-08-24 23:27:14,562 INFO HTTP Request: POST https://iiutxlcayvswjhqgxibd.supabase.co/rest/v1/state_daily?on_conflict=report_date%2Cstate&columns=%22od_ud_mu%22%2C%22report_date%22%2C%22shortage_peak_mw%22%2C%22state%22%2C%22max_od_mw%22%2C%22energy_met_mu%22%2C%22peak_demand_mw%22%2C%22region%22%2C%22max_ud_mw%22%2C%22energy_shortage_mu%22%2C%22drawal_schedule_mu%22 "HTTP/2 201 Created"
2026-08-24 23:27:16,351 INFO   PARSED 2026-08-09: 96 SCADA rows, 40 states, 66 summary fields
2026-08-24 23:27:17,331 INFO HTTP Request: POST https://iiutxlcayvswjhqgxibd.supabase.co/rest/v1/daily_summary?on_conflict=report_date "HTTP/2 201 Created"
2026-08-24 23:27:17,816 INFO HTTP Request: POST https://iiutxlcayvswjhqgxibd.supabase.co/rest/v1/scada_15min?on_conflict=report_date%2Ctime_block&columns=%22storage_discharge_mw%22%2C%22nuclear_mw%22%2C%22wind_mw%22%2C%22hydro_mw%22%2C%22report_date%22%2C%22demand_mw%22%2C%22thermal_mw%22%2C%22storage_demand_mw%22%2C%22transnational_mw%22%2C%22frequency_hz%22%2C%22gas_mw%22%2C%22net_demand_mw%22%2C%22others_mw%22%2C%22solar_mw%22%2C%22total_gen_mw%22%2C%22time_block%22 "HTTP/2 201 Created"
2026-08-24 23:27:18,668 INFO HTTP Request: POST https://iiutxlcayvswjhqgxibd.supabase.co/rest/v1/scada_15min?on_conflict=report_date%2Ctime_block&columns=%22storage_discharge_mw%22%2C%22nuclear_mw%22%2C%22wind_mw%22%2C%22hydro_mw%22%2C%22report_date%22%2C%22demand_mw%22%2C%22thermal_mw%22%2C%22storage_demand_mw%22%2C%22transnational_mw%22%2C%22frequency_hz%22%2C%22gas_mw%22%2C%22net_demand_mw%22%2C%22others_mw%22%2C%22solar_mw%22%2C%22total_gen_mw%22%2C%22time_block%22 "HTTP/2 201 Created"
2026-08-24 23:27:19,236 INFO HTTP Request: POST https://iiutxlcayvswjhqgxibd.supabase.co/rest/v1/state_daily?on_conflict=report_date%2Cstate&columns=%22od_ud_mu%22%2C%22report_date%22%2C%22shortage_peak_mw%22%2C%22state%22%2C%22max_od_mw%22%2C%22energy_met_mu%22%2C%22peak_demand_mw%22%2C%22region%22%2C%22max_ud_mw%22%2C%22energy_shortage_mu%22%2C%22drawal_schedule_mu%22 "HTTP/2 201 Created"
2026-08-24 23:27:21,054 INFO   PARSED 2026-08-10: 96 SCADA rows, 40 states, 66 summary fields
2026-08-24 23:27:22,054 INFO HTTP Request: POST https://iiutxlcayvswjhqgxibd.supabase.co/rest/v1/daily_summary?on_conflict=report_date "HTTP/2 201 Created"
2026-08-24 23:27:22,548 INFO HTTP Request: POST https://iiutxlcayvswjhqgxibd.supabase.co/rest/v1/scada_15min?on_conflict=report_date%2Ctime_block&columns=%22storage_discharge_mw%22%2C%22nuclear_mw%22%2C%22wind_mw%22%2C%22hydro_mw%22%2C%22report_date%22%2C%22demand_mw%22%2C%22thermal_mw%22%2C%22storage_demand_mw%22%2C%22transnational_mw%22%2C%22frequency_hz%22%2C%22gas_mw%22%2C%22net_demand_mw%22%2C%22others_mw%22%2C%22solar_mw%22%2C%22total_gen_mw%22%2C%22time_block%22 "HTTP/2 201 Created"
2026-08-24 23:27:23,093 INFO HTTP Request: POST https://iiutxlcayvswjhqgxibd.supabase.co/rest/v1/scada_15min?on_conflict=report_date%2Ctime_block&columns=%22storage_discharge_mw%22%2C%22nuclear_mw%22%2C%22wind_mw%22%2C%22hydro_mw%22%2C%22report_date%22%2C%22demand_mw%22%2C%22thermal_mw%22%2C%22storage_demand_mw%22%2C%22transnational_mw%22%2C%22frequency_hz%22%2C%22gas_mw%22%2C%22net_demand_mw%22%2C%22others_mw%22%2C%22solar_mw%22%2C%22total_gen_mw%22%2C%22time_block%22 "HTTP/2 201 Created"
2026-08-24 23:27:23,599 INFO HTTP Request: POST https://iiutxlcayvswjhqgxibd.supabase.co/rest/v1/state_daily?on_conflict=report_date%2Cstate&columns=%22od_ud_mu%22%2C%22report_date%22%2C%22shortage_peak_mw%22%2C%22state%22%2C%22max_od_mw%22%2C%22energy_met_mu%22%2C%22peak_demand_mw%22%2C%22region%22%2C%22max_ud_mw%22%2C%22energy_shortage_mu%22%2C%22drawal_schedule_mu%22 "HTTP/2 201 Created"
2026-08-24 23:27:25,357 INFO   PARSED 2026-08-11: 96 SCADA rows, 40 states, 66 summary fields
2026-08-24 23:27:26,327 INFO HTTP Request: POST https://iiutxlcayvswjhqgxibd.supabase.co/rest/v1/daily_summary?on_conflict=report_date "HTTP/2 201 Created"
2026-08-24 23:27:26,828 INFO HTTP Request: POST https://iiutxlcayvswjhqgxibd.supabase.co/rest/v1/scada_15min?on_conflict=report_date%2Ctime_block&columns=%22storage_discharge_mw%22%2C%22nuclear_mw%22%2C%22wind_mw%22%2C%22hydro_mw%22%2C%22report_date%22%2C%22demand_mw%22%2C%22thermal_mw%22%2C%22storage_demand_mw%22%2C%22transnational_mw%22%2C%22frequency_hz%22%2C%22gas_mw%22%2C%22net_demand_mw%22%2C%22others_mw%22%2C%22solar_mw%22%2C%22total_gen_mw%22%2C%22time_block%22 "HTTP/2 201 Created"
2026-08-24 23:27:27,383 INFO HTTP Request: POST https://iiutxlcayvswjhqgxibd.supabase.co/rest/v1/scada_15min?on_conflict=report_date%2Ctime_block&columns=%22storage_discharge_mw%22%2C%22nuclear_mw%22%2C%22wind_mw%22%2C%22hydro_mw%22%2C%22report_date%22%2C%22demand_mw%22%2C%22thermal_mw%22%2C%22storage_demand_mw%22%2C%22transnational_mw%22%2C%22frequency_hz%22%2C%22gas_mw%22%2C%22net_demand_mw%22%2C%22others_mw%22%2C%22solar_mw%22%2C%22total_gen_mw%22%2C%22time_block%22 "HTTP/2 201 Created"
2026-08-24 23:27:27,839 INFO HTTP Request: POST https://iiutxlcayvswjhqgxibd.supabase.co/rest/v1/state_daily?on_conflict=report_date%2Cstate&columns=%22od_ud_mu%22%2C%22report_date%22%2C%22shortage_peak_mw%22%2C%22state%22%2C%22max_od_mw%22%2C%22energy_met_mu%22%2C%22peak_demand_mw%22%2C%22region%22%2C%22max_ud_mw%22%2C%22energy_shortage_mu%22%2C%22drawal_schedule_mu%22 "HTTP/2 201 Created"
2026-08-24 23:27:29,592 INFO   PARSED 2026-08-12: 96 SCADA rows, 40 states, 66 summary fields
2026-08-24 23:27:30,582 INFO HTTP Request: POST https://iiutxlcayvswjhqgxibd.supabase.co/rest/v1/daily_summary?on_conflict=report_date "HTTP/2 201 Created"
2026-08-24 23:27:31,124 INFO HTTP Request: POST https://iiutxlcayvswjhqgxibd.supabase.co/rest/v1/scada_15min?on_conflict=report_date%2Ctime_block&columns=%22storage_discharge_mw%22%2C%22nuclear_mw%22%2C%22wind_mw%22%2C%22hydro_mw%22%2C%22report_date%22%2C%22demand_mw%22%2C%22thermal_mw%22%2C%22storage_demand_mw%22%2C%22transnational_mw%22%2C%22frequency_hz%22%2C%22gas_mw%22%2C%22net_demand_mw%22%2C%22others_mw%22%2C%22solar_mw%22%2C%22total_gen_mw%22%2C%22time_block%22 "HTTP/2 201 Created"
2026-08-24 23:27:31,634 INFO HTTP Request: POST https://iiutxlcayvswjhqgxibd.supabase.co/rest/v1/scada_15min?on_conflict=report_date%2Ctime_block&columns=%22storage_discharge_mw%22%2C%22nuclear_mw%22%2C%22wind_mw%22%2C%22hydro_mw%22%2C%22report_date%22%2C%22demand_mw%22%2C%22thermal_mw%22%2C%22storage_demand_mw%22%2C%22transnational_mw%22%2C%22frequency_hz%22%2C%22gas_mw%22%2C%22net_demand_mw%22%2C%22others_mw%22%2C%22solar_mw%22%2C%22total_gen_mw%22%2C%22time_block%22 "HTTP/2 201 Created"
2026-08-24 23:27:32,113 INFO HTTP Request: POST https://iiutxlcayvswjhqgxibd.supabase.co/rest/v1/state_daily?on_conflict=report_date%2Cstate&columns=%22od_ud_mu%22%2C%22report_date%22%2C%22shortage_peak_mw%22%2C%22state%22%2C%22max_od_mw%22%2C%22energy_met_mu%22%2C%22peak_demand_mw%22%2C%22region%22%2C%22max_ud_mw%22%2C%22energy_shortage_mu%22%2C%22drawal_schedule_mu%22 "HTTP/2 201 Created"
2026-08-24 23:27:34,159 INFO   PARSED 2026-08-13: 96 SCADA rows, 40 states, 66 summary fields
2026-08-24 23:27:35,142 INFO HTTP Request: POST https://iiutxlcayvswjhqgxibd.supabase.co/rest/v1/daily_summary?on_conflict=report_date "HTTP/2 201 Created"
2026-08-24 23:27:35,667 INFO HTTP Request: POST https://iiutxlcayvswjhqgxibd.supabase.co/rest/v1/scada_15min?on_conflict=report_date%2Ctime_block&columns=%22storage_discharge_mw%22%2C%22nuclear_mw%22%2C%22wind_mw%22%2C%22hydro_mw%22%2C%22report_date%22%2C%22demand_mw%22%2C%22thermal_mw%22%2C%22storage_demand_mw%22%2C%22transnational_mw%22%2C%22frequency_hz%22%2C%22gas_mw%22%2C%22net_demand_mw%22%2C%22others_mw%22%2C%22solar_mw%22%2C%22total_gen_mw%22%2C%22time_block%22 "HTTP/2 201 Created"
2026-08-24 23:27:36,169 INFO HTTP Request: POST https://iiutxlcayvswjhqgxibd.supabase.co/rest/v1/scada_15min?on_conflict=report_date%2Ctime_block&columns=%22storage_discharge_mw%22%2C%22nuclear_mw%22%2C%22wind_mw%22%2C%22hydro_mw%22%2C%22report_date%22%2C%22demand_mw%22%2C%22thermal_mw%22%2C%22storage_demand_mw%22%2C%22transnational_mw%22%2C%22frequency_hz%22%2C%22gas_mw%22%2C%22net_demand_mw%22%2C%22others_mw%22%2C%22solar_mw%22%2C%22total_gen_mw%22%2C%22time_block%22 "HTTP/2 201 Created"
2026-08-24 23:27:36,638 INFO HTTP Request: POST https://iiutxlcayvswjhqgxibd.supabase.co/rest/v1/state_daily?on_conflict=report_date%2Cstate&columns=%22od_ud_mu%22%2C%22report_date%22%2C%22shortage_peak_mw%22%2C%22state%22%2C%22max_od_mw%22%2C%22energy_met_mu%22%2C%22peak_demand_mw%22%2C%22region%22%2C%22max_ud_mw%22%2C%22energy_shortage_mu%22%2C%22drawal_schedule_mu%22 "HTTP/2 201 Created"
2026-08-24 23:27:38,389 INFO   PARSED 2026-08-14: 96 SCADA rows, 40 states, 66 summary fields
2026-08-24 23:27:39,373 INFO HTTP Request: POST https://iiutxlcayvswjhqgxibd.supabase.co/rest/v1/daily_summary?on_conflict=report_date "HTTP/2 201 Created"
2026-08-24 23:27:39,852 INFO HTTP Request: POST https://iiutxlcayvswjhqgxibd.supabase.co/rest/v1/scada_15min?on_conflict=report_date%2Ctime_block&columns=%22storage_discharge_mw%22%2C%22nuclear_mw%22%2C%22wind_mw%22%2C%22hydro_mw%22%2C%22report_date%22%2C%22demand_mw%22%2C%22thermal_mw%22%2C%22storage_demand_mw%22%2C%22transnational_mw%22%2C%22frequency_hz%22%2C%22gas_mw%22%2C%22net_demand_mw%22%2C%22others_mw%22%2C%22solar_mw%22%2C%22total_gen_mw%22%2C%22time_block%22 "HTTP/2 201 Created"
2026-08-24 23:27:40,399 INFO HTTP Request: POST https://iiutxlcayvswjhqgxibd.supabase.co/rest/v1/scada_15min?on_conflict=report_date%2Ctime_block&columns=%22storage_discharge_mw%22%2C%22nuclear_mw%22%2C%22wind_mw%22%2C%22hydro_mw%22%2C%22report_date%22%2C%22demand_mw%22%2C%22thermal_mw%22%2C%22storage_demand_mw%22%2C%22transnational_mw%22%2C%22frequency_hz%22%2C%22gas_mw%22%2C%22net_demand_mw%22%2C%22others_mw%22%2C%22solar_mw%22%2C%22total_gen_mw%22%2C%22time_block%22 "HTTP/2 201 Created"
2026-08-24 23:27:40,963 INFO HTTP Request: POST https://iiutxlcayvswjhqgxibd.supabase.co/rest/v1/state_daily?on_conflict=report_date%2Cstate&columns=%22od_ud_mu%22%2C%22report_date%22%2C%22shortage_peak_mw%22%2C%22state%22%2C%22max_od_mw%22%2C%22energy_met_mu%22%2C%22peak_demand_mw%22%2C%22region%22%2C%22max_ud_mw%22%2C%22energy_shortage_mu%22%2C%22drawal_schedule_mu%22 "HTTP/2 201 Created"
2026-08-24 23:27:42,722 INFO   PARSED 2026-08-15: 96 SCADA rows, 40 states, 66 summary fields
2026-08-24 23:27:43,628 INFO HTTP Request: POST https://iiutxlcayvswjhqgxibd.supabase.co/rest/v1/daily_summary?on_conflict=report_date "HTTP/2 201 Created"
2026-08-24 23:27:44,164 INFO HTTP Request: POST https://iiutxlcayvswjhqgxibd.supabase.co/rest/v1/scada_15min?on_conflict=report_date%2Ctime_block&columns=%22storage_discharge_mw%22%2C%22nuclear_mw%22%2C%22wind_mw%22%2C%22hydro_mw%22%2C%22report_date%22%2C%22demand_mw%22%2C%22thermal_mw%22%2C%22storage_demand_mw%22%2C%22transnational_mw%22%2C%22frequency_hz%22%2C%22gas_mw%22%2C%22net_demand_mw%22%2C%22others_mw%22%2C%22solar_mw%22%2C%22total_gen_mw%22%2C%22time_block%22 "HTTP/2 201 Created"
2026-08-24 23:27:44,710 INFO HTTP Request: POST https://iiutxlcayvswjhqgxibd.supabase.co/rest/v1/scada_15min?on_conflict=report_date%2Ctime_block&columns=%22storage_discharge_mw%22%2C%22nuclear_mw%22%2C%22wind_mw%22%2C%22hydro_mw%22%2C%22report_date%22%2C%22demand_mw%22%2C%22thermal_mw%22%2C%22storage_demand_mw%22%2C%22transnational_mw%22%2C%22frequency_hz%22%2C%22gas_mw%22%2C%22net_demand_mw%22%2C%22others_mw%22%2C%22solar_mw%22%2C%22total_gen_mw%22%2C%22time_block%22 "HTTP/2 201 Created"
2026-08-24 23:27:45,182 INFO HTTP Request: POST https://iiutxlcayvswjhqgxibd.supabase.co/rest/v1/state_daily?on_conflict=report_date%2Cstate&columns=%22od_ud_mu%22%2C%22report_date%22%2C%22shortage_peak_mw%22%2C%22state%22%2C%22max_od_mw%22%2C%22energy_met_mu%22%2C%22peak_demand_mw%22%2C%22region%22%2C%22max_ud_mw%22%2C%22energy_shortage_mu%22%2C%22drawal_schedule_mu%22 "HTTP/2 201 Created"
2026-08-24 23:27:46,926 INFO   PARSED 2026-08-16: 96 SCADA rows, 40 states, 66 summary fields
2026-08-24 23:27:47,874 INFO HTTP Request: POST https://iiutxlcayvswjhqgxibd.supabase.co/rest/v1/daily_summary?on_conflict=report_date "HTTP/2 201 Created"
2026-08-24 23:27:48,413 INFO HTTP Request: POST https://iiutxlcayvswjhqgxibd.supabase.co/rest/v1/scada_15min?on_conflict=report_date%2Ctime_block&columns=%22storage_discharge_mw%22%2C%22nuclear_mw%22%2C%22wind_mw%22%2C%22hydro_mw%22%2C%22report_date%22%2C%22demand_mw%22%2C%22thermal_mw%22%2C%22storage_demand_mw%22%2C%22transnational_mw%22%2C%22frequency_hz%22%2C%22gas_mw%22%2C%22net_demand_mw%22%2C%22others_mw%22%2C%22solar_mw%22%2C%22total_gen_mw%22%2C%22time_block%22 "HTTP/2 201 Created"
2026-08-24 23:27:48,883 INFO HTTP Request: POST https://iiutxlcayvswjhqgxibd.supabase.co/rest/v1/scada_15min?on_conflict=report_date%2Ctime_block&columns=%22storage_discharge_mw%22%2C%22nuclear_mw%22%2C%22wind_mw%22%2C%22hydro_mw%22%2C%22report_date%22%2C%22demand_mw%22%2C%22thermal_mw%22%2C%22storage_demand_mw%22%2C%22transnational_mw%22%2C%22frequency_hz%22%2C%22gas_mw%22%2C%22net_demand_mw%22%2C%22others_mw%22%2C%22solar_mw%22%2C%22total_gen_mw%22%2C%22time_block%22 "HTTP/2 201 Created"
2026-08-24 23:27:49,414 INFO HTTP Request: POST https://iiutxlcayvswjhqgxibd.supabase.co/rest/v1/state_daily?on_conflict=report_date%2Cstate&columns=%22od_ud_mu%22%2C%22report_date%22%2C%22shortage_peak_mw%22%2C%22state%22%2C%22max_od_mw%22%2C%22energy_met_mu%22%2C%22peak_demand_mw%22%2C%22region%22%2C%22max_ud_mw%22%2C%22energy_shortage_mu%22%2C%22drawal_schedule_mu%22 "HTTP/2 201 Created"
2026-08-24 23:27:51,198 INFO   PARSED 2026-08-17: 96 SCADA rows, 40 states, 66 summary fields
2026-08-24 23:27:52,115 INFO HTTP Request: POST https://iiutxlcayvswjhqgxibd.supabase.co/rest/v1/daily_summary?on_conflict=report_date "HTTP/2 201 Created"
2026-08-24 23:27:52,620 INFO HTTP Request: POST https://iiutxlcayvswjhqgxibd.supabase.co/rest/v1/scada_15min?on_conflict=report_date%2Ctime_block&columns=%22storage_discharge_mw%22%2C%22nuclear_mw%22%2C%22wind_mw%22%2C%22hydro_mw%22%2C%22report_date%22%2C%22demand_mw%22%2C%22thermal_mw%22%2C%22storage_demand_mw%22%2C%22transnational_mw%22%2C%22frequency_hz%22%2C%22gas_mw%22%2C%22net_demand_mw%22%2C%22others_mw%22%2C%22solar_mw%22%2C%22total_gen_mw%22%2C%22time_block%22 "HTTP/2 201 Created"
2026-08-24 23:27:53,191 INFO HTTP Request: POST https://iiutxlcayvswjhqgxibd.supabase.co/rest/v1/scada_15min?on_conflict=report_date%2Ctime_block&columns=%22storage_discharge_mw%22%2C%22nuclear_mw%22%2C%22wind_mw%22%2C%22hydro_mw%22%2C%22report_date%22%2C%22demand_mw%22%2C%22thermal_mw%22%2C%22storage_demand_mw%22%2C%22transnational_mw%22%2C%22frequency_hz%22%2C%22gas_mw%22%2C%22net_demand_mw%22%2C%22others_mw%22%2C%22solar_mw%22%2C%22total_gen_mw%22%2C%22time_block%22 "HTTP/2 201 Created"
2026-08-24 23:27:53,725 INFO HTTP Request: POST https://iiutxlcayvswjhqgxibd.supabase.co/rest/v1/state_daily?on_conflict=report_date%2Cstate&columns=%22od_ud_mu%22%2C%22report_date%22%2C%22shortage_peak_mw%22%2C%22state%22%2C%22max_od_mw%22%2C%22energy_met_mu%22%2C%22peak_demand_mw%22%2C%22region%22%2C%22max_ud_mw%22%2C%22energy_shortage_mu%22%2C%22drawal_schedule_mu%22 "HTTP/2 201 Created"
2026-08-24 23:27:55,556 INFO   PARSED 2026-08-18: 96 SCADA rows, 40 states, 66 summary fields
2026-08-24 23:27:56,786 INFO HTTP Request: POST https://iiutxlcayvswjhqgxibd.supabase.co/rest/v1/daily_summary?on_conflict=report_date "HTTP/2 201 Created"
2026-08-24 23:27:57,282 INFO HTTP Request: POST https://iiutxlcayvswjhqgxibd.supabase.co/rest/v1/scada_15min?on_conflict=report_date%2Ctime_block&columns=%22storage_discharge_mw%22%2C%22nuclear_mw%22%2C%22wind_mw%22%2C%22hydro_mw%22%2C%22report_date%22%2C%22demand_mw%22%2C%22thermal_mw%22%2C%22storage_demand_mw%22%2C%22transnational_mw%22%2C%22frequency_hz%22%2C%22gas_mw%22%2C%22net_demand_mw%22%2C%22others_mw%22%2C%22solar_mw%22%2C%22total_gen_mw%22%2C%22time_block%22 "HTTP/2 201 Created"
2026-08-24 23:27:57,831 INFO HTTP Request: POST https://iiutxlcayvswjhqgxibd.supabase.co/rest/v1/scada_15min?on_conflict=report_date%2Ctime_block&columns=%22storage_discharge_mw%22%2C%22nuclear_mw%22%2C%22wind_mw%22%2C%22hydro_mw%22%2C%22report_date%22%2C%22demand_mw%22%2C%22thermal_mw%22%2C%22storage_demand_mw%22%2C%22transnational_mw%22%2C%22frequency_hz%22%2C%22gas_mw%22%2C%22net_demand_mw%22%2C%22others_mw%22%2C%22solar_mw%22%2C%22total_gen_mw%22%2C%22time_block%22 "HTTP/2 201 Created"
2026-08-24 23:27:58,360 INFO HTTP Request: POST https://iiutxlcayvswjhqgxibd.supabase.co/rest/v1/state_daily?on_conflict=report_date%2Cstate&columns=%22od_ud_mu%22%2C%22report_date%22%2C%22shortage_peak_mw%22%2C%22state%22%2C%22max_od_mw%22%2C%22energy_met_mu%22%2C%22peak_demand_mw%22%2C%22region%22%2C%22max_ud_mw%22%2C%22energy_shortage_mu%22%2C%22drawal_schedule_mu%22 "HTTP/2 201 Created"
2026-08-24 23:28:00,081 INFO   PARSED 2026-08-19: 96 SCADA rows, 40 states, 66 summary fields
2026-08-24 23:28:01,131 INFO HTTP Request: POST https://iiutxlcayvswjhqgxibd.supabase.co/rest/v1/daily_summary?on_conflict=report_date "HTTP/2 201 Created"
2026-08-24 23:28:01,631 INFO HTTP Request: POST https://iiutxlcayvswjhqgxibd.supabase.co/rest/v1/scada_15min?on_conflict=report_date%2Ctime_block&columns=%22storage_discharge_mw%22%2C%22nuclear_mw%22%2C%22wind_mw%22%2C%22hydro_mw%22%2C%22report_date%22%2C%22demand_mw%22%2C%22thermal_mw%22%2C%22storage_demand_mw%22%2C%22transnational_mw%22%2C%22frequency_hz%22%2C%22gas_mw%22%2C%22net_demand_mw%22%2C%22others_mw%22%2C%22solar_mw%22%2C%22total_gen_mw%22%2C%22time_block%22 "HTTP/2 201 Created"
2026-08-24 23:28:02,215 INFO HTTP Request: POST https://iiutxlcayvswjhqgxibd.supabase.co/rest/v1/scada_15min?on_conflict=report_date%2Ctime_block&columns=%22storage_discharge_mw%22%2C%22nuclear_mw%22%2C%22wind_mw%22%2C%22hydro_mw%22%2C%22report_date%22%2C%22demand_mw%22%2C%22thermal_mw%22%2C%22storage_demand_mw%22%2C%22transnational_mw%22%2C%22frequency_hz%22%2C%22gas_mw%22%2C%22net_demand_mw%22%2C%22others_mw%22%2C%22solar_mw%22%2C%22total_gen_mw%22%2C%22time_block%22 "HTTP/2 201 Created"
2026-08-24 23:28:02,692 INFO HTTP Request: POST https://iiutxlcayvswjhqgxibd.supabase.co/rest/v1/state_daily?on_conflict=report_date%2Cstate&columns=%22od_ud_mu%22%2C%22report_date%22%2C%22shortage_peak_mw%22%2C%22state%22%2C%22max_od_mw%22%2C%22energy_met_mu%22%2C%22peak_demand_mw%22%2C%22region%22%2C%22max_ud_mw%22%2C%22energy_shortage_mu%22%2C%22drawal_schedule_mu%22 "HTTP/2 201 Created"
2026-08-24 23:28:04,510 INFO   PARSED 2026-08-20: 96 SCADA rows, 40 states, 66 summary fields
2026-08-24 23:28:05,410 INFO HTTP Request: POST https://iiutxlcayvswjhqgxibd.supabase.co/rest/v1/daily_summary?on_conflict=report_date "HTTP/2 201 Created"
2026-08-24 23:28:06,238 INFO HTTP Request: POST https://iiutxlcayvswjhqgxibd.supabase.co/rest/v1/scada_15min?on_conflict=report_date%2Ctime_block&columns=%22storage_discharge_mw%22%2C%22nuclear_mw%22%2C%22wind_mw%22%2C%22hydro_mw%22%2C%22report_date%22%2C%22demand_mw%22%2C%22thermal_mw%22%2C%22storage_demand_mw%22%2C%22transnational_mw%22%2C%22frequency_hz%22%2C%22gas_mw%22%2C%22net_demand_mw%22%2C%22others_mw%22%2C%22solar_mw%22%2C%22total_gen_mw%22%2C%22time_block%22 "HTTP/2 201 Created"
2026-08-24 23:28:06,793 INFO HTTP Request: POST https://iiutxlcayvswjhqgxibd.supabase.co/rest/v1/scada_15min?on_conflict=report_date%2Ctime_block&columns=%22storage_discharge_mw%22%2C%22nuclear_mw%22%2C%22wind_mw%22%2C%22hydro_mw%22%2C%22report_date%22%2C%22demand_mw%22%2C%22thermal_mw%22%2C%22storage_demand_mw%22%2C%22transnational_mw%22%2C%22frequency_hz%22%2C%22gas_mw%22%2C%22net_demand_mw%22%2C%22others_mw%22%2C%22solar_mw%22%2C%22total_gen_mw%22%2C%22time_block%22 "HTTP/2 201 Created"
2026-08-24 23:28:07,318 INFO HTTP Request: POST https://iiutxlcayvswjhqgxibd.supabase.co/rest/v1/state_daily?on_conflict=report_date%2Cstate&columns=%22od_ud_mu%22%2C%22report_date%22%2C%22shortage_peak_mw%22%2C%22state%22%2C%22max_od_mw%22%2C%22energy_met_mu%22%2C%22peak_demand_mw%22%2C%22region%22%2C%22max_ud_mw%22%2C%22energy_shortage_mu%22%2C%22drawal_schedule_mu%22 "HTTP/2 201 Created"
2026-08-24 23:28:09,061 INFO   PARSED 2026-08-21: 96 SCADA rows, 40 states, 66 summary fields
2026-08-24 23:28:09,966 INFO HTTP Request: POST https://iiutxlcayvswjhqgxibd.supabase.co/rest/v1/daily_summary?on_conflict=report_date "HTTP/2 201 Created"
2026-08-24 23:28:10,527 INFO HTTP Request: POST https://iiutxlcayvswjhqgxibd.supabase.co/rest/v1/scada_15min?on_conflict=report_date%2Ctime_block&columns=%22storage_discharge_mw%22%2C%22nuclear_mw%22%2C%22wind_mw%22%2C%22hydro_mw%22%2C%22report_date%22%2C%22demand_mw%22%2C%22thermal_mw%22%2C%22storage_demand_mw%22%2C%22transnational_mw%22%2C%22frequency_hz%22%2C%22gas_mw%22%2C%22net_demand_mw%22%2C%22others_mw%22%2C%22solar_mw%22%2C%22total_gen_mw%22%2C%22time_block%22 "HTTP/2 201 Created"
2026-08-24 23:28:11,075 INFO HTTP Request: POST https://iiutxlcayvswjhqgxibd.supabase.co/rest/v1/scada_15min?on_conflict=report_date%2Ctime_block&columns=%22storage_discharge_mw%22%2C%22nuclear_mw%22%2C%22wind_mw%22%2C%22hydro_mw%22%2C%22report_date%22%2C%22demand_mw%22%2C%22thermal_mw%22%2C%22storage_demand_mw%22%2C%22transnational_mw%22%2C%22frequency_hz%22%2C%22gas_mw%22%2C%22net_demand_mw%22%2C%22others_mw%22%2C%22solar_mw%22%2C%22total_gen_mw%22%2C%22time_block%22 "HTTP/2 201 Created"
2026-08-24 23:28:11,491 INFO HTTP Request: POST https://iiutxlcayvswjhqgxibd.supabase.co/rest/v1/state_daily?on_conflict=report_date%2Cstate&columns=%22od_ud_mu%22%2C%22report_date%22%2C%22shortage_peak_mw%22%2C%22state%22%2C%22max_od_mw%22%2C%22energy_met_mu%22%2C%22peak_demand_mw%22%2C%22region%22%2C%22max_ud_mw%22%2C%22energy_shortage_mu%22%2C%22drawal_schedule_mu%22 "HTTP/2 201 Created"
2026-08-24 23:28:13,249 INFO   PARSED 2026-08-22: 96 SCADA rows, 40 states, 66 summary fields
2026-08-24 23:28:14,195 INFO HTTP Request: POST https://iiutxlcayvswjhqgxibd.supabase.co/rest/v1/daily_summary?on_conflict=report_date "HTTP/2 201 Created"
2026-08-24 23:28:14,681 INFO HTTP Request: POST https://iiutxlcayvswjhqgxibd.supabase.co/rest/v1/scada_15min?on_conflict=report_date%2Ctime_block&columns=%22storage_discharge_mw%22%2C%22nuclear_mw%22%2C%22wind_mw%22%2C%22hydro_mw%22%2C%22report_date%22%2C%22demand_mw%22%2C%22thermal_mw%22%2C%22storage_demand_mw%22%2C%22transnational_mw%22%2C%22frequency_hz%22%2C%22gas_mw%22%2C%22net_demand_mw%22%2C%22others_mw%22%2C%22solar_mw%22%2C%22total_gen_mw%22%2C%22time_block%22 "HTTP/2 201 Created"
2026-08-24 23:28:15,198 INFO HTTP Request: POST https://iiutxlcayvswjhqgxibd.supabase.co/rest/v1/scada_15min?on_conflict=report_date%2Ctime_block&columns=%22storage_discharge_mw%22%2C%22nuclear_mw%22%2C%22wind_mw%22%2C%22hydro_mw%22%2C%22report_date%22%2C%22demand_mw%22%2C%22thermal_mw%22%2C%22storage_demand_mw%22%2C%22transnational_mw%22%2C%22frequency_hz%22%2C%22gas_mw%22%2C%22net_demand_mw%22%2C%22others_mw%22%2C%22solar_mw%22%2C%22total_gen_mw%22%2C%22time_block%22 "HTTP/2 201 Created"
2026-08-24 23:28:15,712 INFO HTTP Request: POST https://iiutxlcayvswjhqgxibd.supabase.co/rest/v1/state_daily?on_conflict=report_date%2Cstate&columns=%22od_ud_mu%22%2C%22report_date%22%2C%22shortage_peak_mw%22%2C%22state%22%2C%22max_od_mw%22%2C%22energy_met_mu%22%2C%22peak_demand_mw%22%2C%22region%22%2C%22max_ud_mw%22%2C%22energy_shortage_mu%22%2C%22drawal_schedule_mu%22 "HTTP/2 201 Created"
2026-08-24 23:28:17,496 INFO   PARSED 2026-08-23: 96 SCADA rows, 40 states, 66 summary fields
2026-08-24 23:28:18,399 INFO HTTP Request: POST https://iiutxlcayvswjhqgxibd.supabase.co/rest/v1/daily_summary?on_conflict=report_date "HTTP/2 201 Created"
2026-08-24 23:28:18,927 INFO HTTP Request: POST https://iiutxlcayvswjhqgxibd.supabase.co/rest/v1/scada_15min?on_conflict=report_date%2Ctime_block&columns=%22storage_discharge_mw%22%2C%22nuclear_mw%22%2C%22wind_mw%22%2C%22hydro_mw%22%2C%22report_date%22%2C%22demand_mw%22%2C%22thermal_mw%22%2C%22storage_demand_mw%22%2C%22transnational_mw%22%2C%22frequency_hz%22%2C%22gas_mw%22%2C%22net_demand_mw%22%2C%22others_mw%22%2C%22solar_mw%22%2C%22total_gen_mw%22%2C%22time_block%22 "HTTP/2 201 Created"
2026-08-24 23:28:19,497 INFO HTTP Request: POST https://iiutxlcayvswjhqgxibd.supabase.co/rest/v1/scada_15min?on_conflict=report_date%2Ctime_block&columns=%22storage_discharge_mw%22%2C%22nuclear_mw%22%2C%22wind_mw%22%2C%22hydro_mw%22%2C%22report_date%22%2C%22demand_mw%22%2C%22thermal_mw%22%2C%22storage_demand_mw%22%2C%22transnational_mw%22%2C%22frequency_hz%22%2C%22gas_mw%22%2C%22net_demand_mw%22%2C%22others_mw%22%2C%22solar_mw%22%2C%22total_gen_mw%22%2C%22time_block%22 "HTTP/2 201 Created"
2026-08-24 23:28:20,033 INFO HTTP Request: POST https://iiutxlcayvswjhqgxibd.supabase.co/rest/v1/state_daily?on_conflict=report_date%2Cstate&columns=%22od_ud_mu%22%2C%22report_date%22%2C%22shortage_peak_mw%22%2C%22state%22%2C%22max_od_mw%22%2C%22energy_met_mu%22%2C%22peak_demand_mw%22%2C%22region%22%2C%22max_ud_mw%22%2C%22energy_shortage_mu%22%2C%22drawal_schedule_mu%22 "HTTP/2 201 Created"
2026-08-24 23:28:20,040 INFO 
Done: 23 OK, 0 failed, 0 skipped
2026-08-27 10:21:07,693 INFO Found 2 PDFs in pdfs\raw
2026-08-27 10:21:09,431 INFO   PARSED 2026-08-24: 96 SCADA rows, 40 states, 66 summary fields
2026-08-27 10:21:10,756 INFO HTTP Request: POST https://iiutxlcayvswjhqgxibd.supabase.co/rest/v1/daily_summary?on_conflict=report_date "HTTP/2 201 Created"
2026-08-27 10:21:11,202 INFO HTTP Request: POST https://iiutxlcayvswjhqgxibd.supabase.co/rest/v1/scada_15min?on_conflict=report_date%2Ctime_block&columns=%22report_date%22%2C%22net_demand_mw%22%2C%22total_gen_mw%22%2C%22storage_discharge_mw%22%2C%22solar_mw%22%2C%22storage_demand_mw%22%2C%22hydro_mw%22%2C%22frequency_hz%22%2C%22gas_mw%22%2C%22transnational_mw%22%2C%22others_mw%22%2C%22wind_mw%22%2C%22time_block%22%2C%22nuclear_mw%22%2C%22demand_mw%22%2C%22thermal_mw%22 "HTTP/2 201 Created"
2026-08-27 10:21:11,685 INFO HTTP Request: POST https://iiutxlcayvswjhqgxibd.supabase.co/rest/v1/scada_15min?on_conflict=report_date%2Ctime_block&columns=%22report_date%22%2C%22net_demand_mw%22%2C%22total_gen_mw%22%2C%22storage_discharge_mw%22%2C%22solar_mw%22%2C%22storage_demand_mw%22%2C%22hydro_mw%22%2C%22frequency_hz%22%2C%22gas_mw%22%2C%22transnational_mw%22%2C%22others_mw%22%2C%22wind_mw%22%2C%22time_block%22%2C%22nuclear_mw%22%2C%22demand_mw%22%2C%22thermal_mw%22 "HTTP/2 201 Created"
2026-08-27 10:21:12,222 INFO HTTP Request: POST https://iiutxlcayvswjhqgxibd.supabase.co/rest/v1/state_daily?on_conflict=report_date%2Cstate&columns=%22max_od_mw%22%2C%22report_date%22%2C%22energy_shortage_mu%22%2C%22shortage_peak_mw%22%2C%22state%22%2C%22drawal_schedule_mu%22%2C%22od_ud_mu%22%2C%22max_ud_mw%22%2C%22energy_met_mu%22%2C%22peak_demand_mw%22%2C%22region%22 "HTTP/2 201 Created"
2026-08-27 10:21:13,895 INFO   PARSED 2026-08-25: 96 SCADA rows, 40 states, 66 summary fields
2026-08-27 10:21:14,725 INFO HTTP Request: POST https://iiutxlcayvswjhqgxibd.supabase.co/rest/v1/daily_summary?on_conflict=report_date "HTTP/2 201 Created"
2026-08-27 10:21:15,102 INFO HTTP Request: POST https://iiutxlcayvswjhqgxibd.supabase.co/rest/v1/scada_15min?on_conflict=report_date%2Ctime_block&columns=%22report_date%22%2C%22net_demand_mw%22%2C%22total_gen_mw%22%2C%22storage_discharge_mw%22%2C%22solar_mw%22%2C%22storage_demand_mw%22%2C%22hydro_mw%22%2C%22frequency_hz%22%2C%22gas_mw%22%2C%22transnational_mw%22%2C%22others_mw%22%2C%22wind_mw%22%2C%22time_block%22%2C%22nuclear_mw%22%2C%22demand_mw%22%2C%22thermal_mw%22 "HTTP/2 201 Created"
2026-08-27 10:21:15,485 INFO HTTP Request: POST https://iiutxlcayvswjhqgxibd.supabase.co/rest/v1/scada_15min?on_conflict=report_date%2Ctime_block&columns=%22report_date%22%2C%22net_demand_mw%22%2C%22total_gen_mw%22%2C%22storage_discharge_mw%22%2C%22solar_mw%22%2C%22storage_demand_mw%22%2C%22hydro_mw%22%2C%22frequency_hz%22%2C%22gas_mw%22%2C%22transnational_mw%22%2C%22others_mw%22%2C%22wind_mw%22%2C%22time_block%22%2C%22nuclear_mw%22%2C%22demand_mw%22%2C%22thermal_mw%22 "HTTP/2 201 Created"
2026-08-27 10:21:15,853 INFO HTTP Request: POST https://iiutxlcayvswjhqgxibd.supabase.co/rest/v1/state_daily?on_conflict=report_date%2Cstate&columns=%22max_od_mw%22%2C%22report_date%22%2C%22energy_shortage_mu%22%2C%22shortage_peak_mw%22%2C%22state%22%2C%22drawal_schedule_mu%22%2C%22od_ud_mu%22%2C%22max_ud_mw%22%2C%22energy_met_mu%22%2C%22peak_demand_mw%22%2C%22region%22 "HTTP/2 201 Created"
2026-08-27 10:21:15,859 INFO 
Done: 2 OK, 0 failed, 0 skipped
2026-08-27 17:27:17,270 INFO Found 1 PDFs in PDFs\Raw
2026-08-27 17:27:18,994 INFO   PARSED 2026-08-26: 96 SCADA rows, 40 states, 66 summary fields
2026-08-27 17:27:20,875 INFO HTTP Request: POST https://iiutxlcayvswjhqgxibd.supabase.co/rest/v1/daily_summary?on_conflict=report_date "HTTP/2 201 Created"
2026-08-27 17:27:21,437 INFO HTTP Request: POST https://iiutxlcayvswjhqgxibd.supabase.co/rest/v1/scada_15min?on_conflict=report_date%2Ctime_block&columns=%22storage_demand_mw%22%2C%22solar_mw%22%2C%22nuclear_mw%22%2C%22net_demand_mw%22%2C%22hydro_mw%22%2C%22storage_discharge_mw%22%2C%22others_mw%22%2C%22report_date%22%2C%22time_block%22%2C%22total_gen_mw%22%2C%22transnational_mw%22%2C%22demand_mw%22%2C%22gas_mw%22%2C%22frequency_hz%22%2C%22wind_mw%22%2C%22thermal_mw%22 "HTTP/2 201 Created"
2026-08-27 17:27:21,952 INFO HTTP Request: POST https://iiutxlcayvswjhqgxibd.supabase.co/rest/v1/scada_15min?on_conflict=report_date%2Ctime_block&columns=%22storage_demand_mw%22%2C%22solar_mw%22%2C%22nuclear_mw%22%2C%22net_demand_mw%22%2C%22hydro_mw%22%2C%22storage_discharge_mw%22%2C%22others_mw%22%2C%22report_date%22%2C%22time_block%22%2C%22total_gen_mw%22%2C%22transnational_mw%22%2C%22demand_mw%22%2C%22gas_mw%22%2C%22frequency_hz%22%2C%22wind_mw%22%2C%22thermal_mw%22 "HTTP/2 201 Created"
2026-08-27 17:27:22,488 INFO HTTP Request: POST https://iiutxlcayvswjhqgxibd.supabase.co/rest/v1/state_daily?on_conflict=report_date%2Cstate&columns=%22max_od_mw%22%2C%22od_ud_mu%22%2C%22report_date%22%2C%22peak_demand_mw%22%2C%22max_ud_mw%22%2C%22region%22%2C%22drawal_schedule_mu%22%2C%22energy_shortage_mu%22%2C%22state%22%2C%22shortage_peak_mw%22%2C%22energy_met_mu%22 "HTTP/2 201 Created"
2026-08-27 17:27:22,495 INFO 
Done: 1 OK, 0 failed, 0 skipped
2026-08-28 10:22:46,762 INFO Found 1 PDFs in pdfs\raw
2026-08-28 10:22:48,556 INFO   PARSED 2026-08-27: 96 SCADA rows, 40 states, 66 summary fields
2026-08-28 10:22:50,766 INFO HTTP Request: POST https://iiutxlcayvswjhqgxibd.supabase.co/rest/v1/daily_summary?on_conflict=report_date "HTTP/2 201 Created"
2026-08-28 10:22:51,379 INFO HTTP Request: POST https://iiutxlcayvswjhqgxibd.supabase.co/rest/v1/scada_15min?on_conflict=report_date%2Ctime_block&columns=%22storage_demand_mw%22%2C%22thermal_mw%22%2C%22transnational_mw%22%2C%22solar_mw%22%2C%22time_block%22%2C%22hydro_mw%22%2C%22net_demand_mw%22%2C%22total_gen_mw%22%2C%22report_date%22%2C%22gas_mw%22%2C%22wind_mw%22%2C%22others_mw%22%2C%22demand_mw%22%2C%22frequency_hz%22%2C%22nuclear_mw%22%2C%22storage_discharge_mw%22 "HTTP/2 201 Created"
2026-08-28 10:22:51,912 INFO HTTP Request: POST https://iiutxlcayvswjhqgxibd.supabase.co/rest/v1/scada_15min?on_conflict=report_date%2Ctime_block&columns=%22storage_demand_mw%22%2C%22thermal_mw%22%2C%22transnational_mw%22%2C%22solar_mw%22%2C%22time_block%22%2C%22hydro_mw%22%2C%22net_demand_mw%22%2C%22total_gen_mw%22%2C%22report_date%22%2C%22gas_mw%22%2C%22wind_mw%22%2C%22others_mw%22%2C%22demand_mw%22%2C%22frequency_hz%22%2C%22nuclear_mw%22%2C%22storage_discharge_mw%22 "HTTP/2 201 Created"
2026-08-28 10:22:52,727 INFO HTTP Request: POST https://iiutxlcayvswjhqgxibd.supabase.co/rest/v1/state_daily?on_conflict=report_date%2Cstate&columns=%22od_ud_mu%22%2C%22max_od_mw%22%2C%22report_date%22%2C%22drawal_schedule_mu%22%2C%22peak_demand_mw%22%2C%22max_ud_mw%22%2C%22region%22%2C%22shortage_peak_mw%22%2C%22energy_met_mu%22%2C%22energy_shortage_mu%22%2C%22state%22 "HTTP/2 201 Created"
2026-08-28 10:22:52,739 INFO 
Done: 1 OK, 0 failed, 0 skipped
2026-09-02 20:18:49,184 INFO Found 5 PDFs in pdfs\raw
2026-09-02 20:18:50,981 INFO   SKIP 2026-08-27 (already processed)
2026-09-02 20:18:52,748 INFO   PARSED 2026-08-28: 96 SCADA rows, 40 states, 66 summary fields
2026-09-02 20:18:54,216 INFO HTTP Request: POST https://iiutxlcayvswjhqgxibd.supabase.co/rest/v1/daily_summary?on_conflict=report_date "HTTP/2 201 Created"
2026-09-02 20:18:55,049 INFO HTTP Request: POST https://iiutxlcayvswjhqgxibd.supabase.co/rest/v1/scada_15min?on_conflict=report_date%2Ctime_block&columns=%22solar_mw%22%2C%22demand_mw%22%2C%22thermal_mw%22%2C%22report_date%22%2C%22time_block%22%2C%22storage_demand_mw%22%2C%22wind_mw%22%2C%22gas_mw%22%2C%22total_gen_mw%22%2C%22transnational_mw%22%2C%22frequency_hz%22%2C%22net_demand_mw%22%2C%22storage_discharge_mw%22%2C%22others_mw%22%2C%22hydro_mw%22%2C%22nuclear_mw%22 "HTTP/2 201 Created"
2026-09-02 20:18:55,553 INFO HTTP Request: POST https://iiutxlcayvswjhqgxibd.supabase.co/rest/v1/scada_15min?on_conflict=report_date%2Ctime_block&columns=%22solar_mw%22%2C%22demand_mw%22%2C%22thermal_mw%22%2C%22report_date%22%2C%22time_block%22%2C%22storage_demand_mw%22%2C%22wind_mw%22%2C%22gas_mw%22%2C%22total_gen_mw%22%2C%22transnational_mw%22%2C%22frequency_hz%22%2C%22net_demand_mw%22%2C%22storage_discharge_mw%22%2C%22others_mw%22%2C%22hydro_mw%22%2C%22nuclear_mw%22 "HTTP/2 201 Created"
2026-09-02 20:18:56,360 INFO HTTP Request: POST https://iiutxlcayvswjhqgxibd.supabase.co/rest/v1/state_daily?on_conflict=report_date%2Cstate&columns=%22energy_met_mu%22%2C%22report_date%22%2C%22shortage_peak_mw%22%2C%22od_ud_mu%22%2C%22energy_shortage_mu%22%2C%22max_ud_mw%22%2C%22peak_demand_mw%22%2C%22drawal_schedule_mu%22%2C%22max_od_mw%22%2C%22region%22%2C%22state%22 "HTTP/2 201 Created"
2026-09-02 20:18:58,132 INFO   PARSED 2026-08-29: 96 SCADA rows, 40 states, 66 summary fields
2026-09-02 20:18:59,126 INFO HTTP Request: POST https://iiutxlcayvswjhqgxibd.supabase.co/rest/v1/daily_summary?on_conflict=report_date "HTTP/2 201 Created"
2026-09-02 20:18:59,872 INFO HTTP Request: POST https://iiutxlcayvswjhqgxibd.supabase.co/rest/v1/scada_15min?on_conflict=report_date%2Ctime_block&columns=%22solar_mw%22%2C%22demand_mw%22%2C%22thermal_mw%22%2C%22report_date%22%2C%22time_block%22%2C%22storage_demand_mw%22%2C%22wind_mw%22%2C%22gas_mw%22%2C%22total_gen_mw%22%2C%22transnational_mw%22%2C%22frequency_hz%22%2C%22net_demand_mw%22%2C%22storage_discharge_mw%22%2C%22others_mw%22%2C%22hydro_mw%22%2C%22nuclear_mw%22 "HTTP/2 201 Created"
2026-09-02 20:19:00,467 INFO HTTP Request: POST https://iiutxlcayvswjhqgxibd.supabase.co/rest/v1/scada_15min?on_conflict=report_date%2Ctime_block&columns=%22solar_mw%22%2C%22demand_mw%22%2C%22thermal_mw%22%2C%22report_date%22%2C%22time_block%22%2C%22storage_demand_mw%22%2C%22wind_mw%22%2C%22gas_mw%22%2C%22total_gen_mw%22%2C%22transnational_mw%22%2C%22frequency_hz%22%2C%22net_demand_mw%22%2C%22storage_discharge_mw%22%2C%22others_mw%22%2C%22hydro_mw%22%2C%22nuclear_mw%22 "HTTP/2 201 Created"
2026-09-02 20:19:00,982 INFO HTTP Request: POST https://iiutxlcayvswjhqgxibd.supabase.co/rest/v1/state_daily?on_conflict=report_date%2Cstate&columns=%22energy_met_mu%22%2C%22report_date%22%2C%22shortage_peak_mw%22%2C%22od_ud_mu%22%2C%22energy_shortage_mu%22%2C%22max_ud_mw%22%2C%22peak_demand_mw%22%2C%22drawal_schedule_mu%22%2C%22max_od_mw%22%2C%22region%22%2C%22state%22 "HTTP/2 201 Created"
2026-09-02 20:19:02,791 INFO   PARSED 2026-08-30: 96 SCADA rows, 40 states, 66 summary fields
2026-09-02 20:19:03,756 INFO HTTP Request: POST https://iiutxlcayvswjhqgxibd.supabase.co/rest/v1/daily_summary?on_conflict=report_date "HTTP/2 201 Created"
2026-09-02 20:19:04,236 INFO HTTP Request: POST https://iiutxlcayvswjhqgxibd.supabase.co/rest/v1/scada_15min?on_conflict=report_date%2Ctime_block&columns=%22solar_mw%22%2C%22demand_mw%22%2C%22thermal_mw%22%2C%22report_date%22%2C%22time_block%22%2C%22storage_demand_mw%22%2C%22wind_mw%22%2C%22gas_mw%22%2C%22total_gen_mw%22%2C%22transnational_mw%22%2C%22frequency_hz%22%2C%22net_demand_mw%22%2C%22storage_discharge_mw%22%2C%22others_mw%22%2C%22hydro_mw%22%2C%22nuclear_mw%22 "HTTP/2 201 Created"
2026-09-02 20:19:04,770 INFO HTTP Request: POST https://iiutxlcayvswjhqgxibd.supabase.co/rest/v1/scada_15min?on_conflict=report_date%2Ctime_block&columns=%22solar_mw%22%2C%22demand_mw%22%2C%22thermal_mw%22%2C%22report_date%22%2C%22time_block%22%2C%22storage_demand_mw%22%2C%22wind_mw%22%2C%22gas_mw%22%2C%22total_gen_mw%22%2C%22transnational_mw%22%2C%22frequency_hz%22%2C%22net_demand_mw%22%2C%22storage_discharge_mw%22%2C%22others_mw%22%2C%22hydro_mw%22%2C%22nuclear_mw%22 "HTTP/2 201 Created"
2026-09-02 20:19:05,256 INFO HTTP Request: POST https://iiutxlcayvswjhqgxibd.supabase.co/rest/v1/state_daily?on_conflict=report_date%2Cstate&columns=%22energy_met_mu%22%2C%22report_date%22%2C%22shortage_peak_mw%22%2C%22od_ud_mu%22%2C%22energy_shortage_mu%22%2C%22max_ud_mw%22%2C%22peak_demand_mw%22%2C%22drawal_schedule_mu%22%2C%22max_od_mw%22%2C%22region%22%2C%22state%22 "HTTP/2 201 Created"
2026-09-02 20:19:07,002 INFO   PARSED 2026-08-31: 96 SCADA rows, 40 states, 66 summary fields
2026-09-02 20:19:07,969 INFO HTTP Request: POST https://iiutxlcayvswjhqgxibd.supabase.co/rest/v1/daily_summary?on_conflict=report_date "HTTP/2 201 Created"
2026-09-02 20:19:08,644 INFO HTTP Request: POST https://iiutxlcayvswjhqgxibd.supabase.co/rest/v1/scada_15min?on_conflict=report_date%2Ctime_block&columns=%22solar_mw%22%2C%22demand_mw%22%2C%22thermal_mw%22%2C%22report_date%22%2C%22time_block%22%2C%22storage_demand_mw%22%2C%22wind_mw%22%2C%22gas_mw%22%2C%22total_gen_mw%22%2C%22transnational_mw%22%2C%22frequency_hz%22%2C%22net_demand_mw%22%2C%22storage_discharge_mw%22%2C%22others_mw%22%2C%22hydro_mw%22%2C%22nuclear_mw%22 "HTTP/2 201 Created"
2026-09-02 20:19:09,117 INFO HTTP Request: POST https://iiutxlcayvswjhqgxibd.supabase.co/rest/v1/scada_15min?on_conflict=report_date%2Ctime_block&columns=%22solar_mw%22%2C%22demand_mw%22%2C%22thermal_mw%22%2C%22report_date%22%2C%22time_block%22%2C%22storage_demand_mw%22%2C%22wind_mw%22%2C%22gas_mw%22%2C%22total_gen_mw%22%2C%22transnational_mw%22%2C%22frequency_hz%22%2C%22net_demand_mw%22%2C%22storage_discharge_mw%22%2C%22others_mw%22%2C%22hydro_mw%22%2C%22nuclear_mw%22 "HTTP/2 201 Created"
2026-09-02 20:19:09,570 INFO HTTP Request: POST https://iiutxlcayvswjhqgxibd.supabase.co/rest/v1/state_daily?on_conflict=report_date%2Cstate&columns=%22energy_met_mu%22%2C%22report_date%22%2C%22shortage_peak_mw%22%2C%22od_ud_mu%22%2C%22energy_shortage_mu%22%2C%22max_ud_mw%22%2C%22peak_demand_mw%22%2C%22drawal_schedule_mu%22%2C%22max_od_mw%22%2C%22region%22%2C%22state%22 "HTTP/2 201 Created"
2026-09-02 20:19:09,581 INFO 
Done: 5 OK, 0 failed, 0 skipped
2026-09-07 11:00:39,393 INFO Found 6 PDFs in pdfs\raw
2026-09-07 11:00:42,088 INFO   PARSED 2026-09-01: 96 SCADA rows, 40 states, 66 summary fields
2026-09-07 11:00:44,791 INFO HTTP Request: POST https://iiutxlcayvswjhqgxibd.supabase.co/rest/v1/daily_summary?on_conflict=report_date "HTTP/2 201 Created"
2026-09-07 11:00:45,821 INFO HTTP Request: POST https://iiutxlcayvswjhqgxibd.supabase.co/rest/v1/scada_15min?on_conflict=report_date%2Ctime_block&columns=%22report_date%22%2C%22others_mw%22%2C%22demand_mw%22%2C%22nuclear_mw%22%2C%22gas_mw%22%2C%22storage_demand_mw%22%2C%22wind_mw%22%2C%22transnational_mw%22%2C%22total_gen_mw%22%2C%22hydro_mw%22%2C%22time_block%22%2C%22solar_mw%22%2C%22net_demand_mw%22%2C%22thermal_mw%22%2C%22storage_discharge_mw%22%2C%22frequency_hz%22 "HTTP/2 201 Created"
2026-09-07 11:00:46,844 INFO HTTP Request: POST https://iiutxlcayvswjhqgxibd.supabase.co/rest/v1/scada_15min?on_conflict=report_date%2Ctime_block&columns=%22report_date%22%2C%22others_mw%22%2C%22demand_mw%22%2C%22nuclear_mw%22%2C%22gas_mw%22%2C%22storage_demand_mw%22%2C%22wind_mw%22%2C%22transnational_mw%22%2C%22total_gen_mw%22%2C%22hydro_mw%22%2C%22time_block%22%2C%22solar_mw%22%2C%22net_demand_mw%22%2C%22thermal_mw%22%2C%22storage_discharge_mw%22%2C%22frequency_hz%22 "HTTP/2 201 Created"
2026-09-07 11:00:47,868 INFO HTTP Request: POST https://iiutxlcayvswjhqgxibd.supabase.co/rest/v1/state_daily?on_conflict=report_date%2Cstate&columns=%22report_date%22%2C%22energy_met_mu%22%2C%22od_ud_mu%22%2C%22max_ud_mw%22%2C%22energy_shortage_mu%22%2C%22max_od_mw%22%2C%22shortage_peak_mw%22%2C%22peak_demand_mw%22%2C%22region%22%2C%22state%22%2C%22drawal_schedule_mu%22 "HTTP/2 201 Created"
2026-09-07 11:00:50,569 INFO   PARSED 2026-09-02: 96 SCADA rows, 40 states, 66 summary fields
2026-09-07 11:00:52,072 INFO HTTP Request: POST https://iiutxlcayvswjhqgxibd.supabase.co/rest/v1/daily_summary?on_conflict=report_date "HTTP/2 201 Created"
2026-09-07 11:00:53,090 INFO HTTP Request: POST https://iiutxlcayvswjhqgxibd.supabase.co/rest/v1/scada_15min?on_conflict=report_date%2Ctime_block&columns=%22report_date%22%2C%22others_mw%22%2C%22demand_mw%22%2C%22nuclear_mw%22%2C%22gas_mw%22%2C%22storage_demand_mw%22%2C%22wind_mw%22%2C%22transnational_mw%22%2C%22total_gen_mw%22%2C%22hydro_mw%22%2C%22time_block%22%2C%22solar_mw%22%2C%22net_demand_mw%22%2C%22thermal_mw%22%2C%22storage_discharge_mw%22%2C%22frequency_hz%22 "HTTP/2 201 Created"
2026-09-07 11:00:54,012 INFO HTTP Request: POST https://iiutxlcayvswjhqgxibd.supabase.co/rest/v1/scada_15min?on_conflict=report_date%2Ctime_block&columns=%22report_date%22%2C%22others_mw%22%2C%22demand_mw%22%2C%22nuclear_mw%22%2C%22gas_mw%22%2C%22storage_demand_mw%22%2C%22wind_mw%22%2C%22transnational_mw%22%2C%22total_gen_mw%22%2C%22hydro_mw%22%2C%22time_block%22%2C%22solar_mw%22%2C%22net_demand_mw%22%2C%22thermal_mw%22%2C%22storage_discharge_mw%22%2C%22frequency_hz%22 "HTTP/2 201 Created"
2026-09-07 11:00:54,937 INFO HTTP Request: POST https://iiutxlcayvswjhqgxibd.supabase.co/rest/v1/state_daily?on_conflict=report_date%2Cstate&columns=%22report_date%22%2C%22energy_met_mu%22%2C%22od_ud_mu%22%2C%22max_ud_mw%22%2C%22energy_shortage_mu%22%2C%22max_od_mw%22%2C%22shortage_peak_mw%22%2C%22peak_demand_mw%22%2C%22region%22%2C%22state%22%2C%22drawal_schedule_mu%22 "HTTP/2 201 Created"
2026-09-07 11:00:57,692 INFO   PARSED 2026-09-03: 96 SCADA rows, 40 states, 66 summary fields
2026-09-07 11:00:59,641 INFO HTTP Request: POST https://iiutxlcayvswjhqgxibd.supabase.co/rest/v1/daily_summary?on_conflict=report_date "HTTP/2 201 Created"
2026-09-07 11:01:00,669 INFO HTTP Request: POST https://iiutxlcayvswjhqgxibd.supabase.co/rest/v1/scada_15min?on_conflict=report_date%2Ctime_block&columns=%22report_date%22%2C%22others_mw%22%2C%22demand_mw%22%2C%22nuclear_mw%22%2C%22gas_mw%22%2C%22storage_demand_mw%22%2C%22wind_mw%22%2C%22transnational_mw%22%2C%22total_gen_mw%22%2C%22hydro_mw%22%2C%22time_block%22%2C%22solar_mw%22%2C%22net_demand_mw%22%2C%22thermal_mw%22%2C%22storage_discharge_mw%22%2C%22frequency_hz%22 "HTTP/2 201 Created"
2026-09-07 11:01:01,584 INFO HTTP Request: POST https://iiutxlcayvswjhqgxibd.supabase.co/rest/v1/scada_15min?on_conflict=report_date%2Ctime_block&columns=%22report_date%22%2C%22others_mw%22%2C%22demand_mw%22%2C%22nuclear_mw%22%2C%22gas_mw%22%2C%22storage_demand_mw%22%2C%22wind_mw%22%2C%22transnational_mw%22%2C%22total_gen_mw%22%2C%22hydro_mw%22%2C%22time_block%22%2C%22solar_mw%22%2C%22net_demand_mw%22%2C%22thermal_mw%22%2C%22storage_discharge_mw%22%2C%22frequency_hz%22 "HTTP/2 201 Created"
2026-09-07 11:01:02,511 INFO HTTP Request: POST https://iiutxlcayvswjhqgxibd.supabase.co/rest/v1/state_daily?on_conflict=report_date%2Cstate&columns=%22report_date%22%2C%22energy_met_mu%22%2C%22od_ud_mu%22%2C%22max_ud_mw%22%2C%22energy_shortage_mu%22%2C%22max_od_mw%22%2C%22shortage_peak_mw%22%2C%22peak_demand_mw%22%2C%22region%22%2C%22state%22%2C%22drawal_schedule_mu%22 "HTTP/2 201 Created"
2026-09-07 11:01:05,339 INFO   PARSED 2026-09-04: 96 SCADA rows, 40 states, 66 summary fields
2026-09-07 11:01:07,018 INFO HTTP Request: POST https://iiutxlcayvswjhqgxibd.supabase.co/rest/v1/daily_summary?on_conflict=report_date "HTTP/2 201 Created"
2026-09-07 11:01:07,958 INFO HTTP Request: POST https://iiutxlcayvswjhqgxibd.supabase.co/rest/v1/scada_15min?on_conflict=report_date%2Ctime_block&columns=%22report_date%22%2C%22others_mw%22%2C%22demand_mw%22%2C%22nuclear_mw%22%2C%22gas_mw%22%2C%22storage_demand_mw%22%2C%22wind_mw%22%2C%22transnational_mw%22%2C%22total_gen_mw%22%2C%22hydro_mw%22%2C%22time_block%22%2C%22solar_mw%22%2C%22net_demand_mw%22%2C%22thermal_mw%22%2C%22storage_discharge_mw%22%2C%22frequency_hz%22 "HTTP/2 201 Created"
2026-09-07 11:01:08,877 INFO HTTP Request: POST https://iiutxlcayvswjhqgxibd.supabase.co/rest/v1/scada_15min?on_conflict=report_date%2Ctime_block&columns=%22report_date%22%2C%22others_mw%22%2C%22demand_mw%22%2C%22nuclear_mw%22%2C%22gas_mw%22%2C%22storage_demand_mw%22%2C%22wind_mw%22%2C%22transnational_mw%22%2C%22total_gen_mw%22%2C%22hydro_mw%22%2C%22time_block%22%2C%22solar_mw%22%2C%22net_demand_mw%22%2C%22thermal_mw%22%2C%22storage_discharge_mw%22%2C%22frequency_hz%22 "HTTP/2 201 Created"
2026-09-07 11:01:09,781 INFO HTTP Request: POST https://iiutxlcayvswjhqgxibd.supabase.co/rest/v1/state_daily?on_conflict=report_date%2Cstate&columns=%22report_date%22%2C%22energy_met_mu%22%2C%22od_ud_mu%22%2C%22max_ud_mw%22%2C%22energy_shortage_mu%22%2C%22max_od_mw%22%2C%22shortage_peak_mw%22%2C%22peak_demand_mw%22%2C%22region%22%2C%22state%22%2C%22drawal_schedule_mu%22 "HTTP/2 201 Created"
2026-09-07 11:01:12,555 INFO   PARSED 2026-09-05: 96 SCADA rows, 40 states, 66 summary fields
2026-09-07 11:01:14,288 INFO HTTP Request: POST https://iiutxlcayvswjhqgxibd.supabase.co/rest/v1/daily_summary?on_conflict=report_date "HTTP/2 201 Created"
2026-09-07 11:01:15,223 INFO HTTP Request: POST https://iiutxlcayvswjhqgxibd.supabase.co/rest/v1/scada_15min?on_conflict=report_date%2Ctime_block&columns=%22report_date%22%2C%22others_mw%22%2C%22demand_mw%22%2C%22nuclear_mw%22%2C%22gas_mw%22%2C%22storage_demand_mw%22%2C%22wind_mw%22%2C%22transnational_mw%22%2C%22total_gen_mw%22%2C%22hydro_mw%22%2C%22time_block%22%2C%22solar_mw%22%2C%22net_demand_mw%22%2C%22thermal_mw%22%2C%22storage_discharge_mw%22%2C%22frequency_hz%22 "HTTP/2 201 Created"
2026-09-07 11:01:16,335 INFO HTTP Request: POST https://iiutxlcayvswjhqgxibd.supabase.co/rest/v1/scada_15min?on_conflict=report_date%2Ctime_block&columns=%22report_date%22%2C%22others_mw%22%2C%22demand_mw%22%2C%22nuclear_mw%22%2C%22gas_mw%22%2C%22storage_demand_mw%22%2C%22wind_mw%22%2C%22transnational_mw%22%2C%22total_gen_mw%22%2C%22hydro_mw%22%2C%22time_block%22%2C%22solar_mw%22%2C%22net_demand_mw%22%2C%22thermal_mw%22%2C%22storage_discharge_mw%22%2C%22frequency_hz%22 "HTTP/2 201 Created"
2026-09-07 11:01:17,187 INFO HTTP Request: POST https://iiutxlcayvswjhqgxibd.supabase.co/rest/v1/state_daily?on_conflict=report_date%2Cstate&columns=%22report_date%22%2C%22energy_met_mu%22%2C%22od_ud_mu%22%2C%22max_ud_mw%22%2C%22energy_shortage_mu%22%2C%22max_od_mw%22%2C%22shortage_peak_mw%22%2C%22peak_demand_mw%22%2C%22region%22%2C%22state%22%2C%22drawal_schedule_mu%22 "HTTP/2 201 Created"
2026-09-07 11:01:19,998 INFO   PARSED 2026-09-06: 96 SCADA rows, 40 states, 66 summary fields
2026-09-07 11:01:21,661 INFO HTTP Request: POST https://iiutxlcayvswjhqgxibd.supabase.co/rest/v1/daily_summary?on_conflict=report_date "HTTP/2 201 Created"
2026-09-07 11:01:22,685 INFO HTTP Request: POST https://iiutxlcayvswjhqgxibd.supabase.co/rest/v1/scada_15min?on_conflict=report_date%2Ctime_block&columns=%22report_date%22%2C%22others_mw%22%2C%22demand_mw%22%2C%22nuclear_mw%22%2C%22gas_mw%22%2C%22storage_demand_mw%22%2C%22wind_mw%22%2C%22transnational_mw%22%2C%22total_gen_mw%22%2C%22hydro_mw%22%2C%22time_block%22%2C%22solar_mw%22%2C%22net_demand_mw%22%2C%22thermal_mw%22%2C%22storage_discharge_mw%22%2C%22frequency_hz%22 "HTTP/2 201 Created"
2026-09-07 11:01:24,015 INFO HTTP Request: POST https://iiutxlcayvswjhqgxibd.supabase.co/rest/v1/scada_15min?on_conflict=report_date%2Ctime_block&columns=%22report_date%22%2C%22others_mw%22%2C%22demand_mw%22%2C%22nuclear_mw%22%2C%22gas_mw%22%2C%22storage_demand_mw%22%2C%22wind_mw%22%2C%22transnational_mw%22%2C%22total_gen_mw%22%2C%22hydro_mw%22%2C%22time_block%22%2C%22solar_mw%22%2C%22net_demand_mw%22%2C%22thermal_mw%22%2C%22storage_discharge_mw%22%2C%22frequency_hz%22 "HTTP/2 201 Created"
2026-09-07 11:01:24,859 INFO HTTP Request: POST https://iiutxlcayvswjhqgxibd.supabase.co/rest/v1/state_daily?on_conflict=report_date%2Cstate&columns=%22report_date%22%2C%22energy_met_mu%22%2C%22od_ud_mu%22%2C%22max_ud_mw%22%2C%22energy_shortage_mu%22%2C%22max_od_mw%22%2C%22shortage_peak_mw%22%2C%22peak_demand_mw%22%2C%22region%22%2C%22state%22%2C%22drawal_schedule_mu%22 "HTTP/2 201 Created"
2026-09-07 11:01:24,882 INFO 
Done: 6 OK, 0 failed, 0 skipped
2026-09-07 11:14:50,115 INFO Found 6 PDFs in pdfs\raw
2026-09-07 11:14:52,792 INFO   SKIP 2026-09-01 (already processed)
2026-09-07 11:14:55,495 INFO   SKIP 2026-09-02 (already processed)
2026-09-07 11:14:58,112 INFO   SKIP 2026-09-03 (already processed)
2026-09-07 11:15:00,301 INFO   SKIP 2026-09-04 (already processed)
2026-09-07 11:15:02,264 INFO   SKIP 2026-09-05 (already processed)
2026-09-07 11:15:04,187 INFO   SKIP 2026-09-06 (already processed)
2026-09-07 11:15:04,187 INFO 
Done: 6 OK, 0 failed, 0 skipped
2026-09-07 11:15:06,384 INFO   Deleted: 01.09.26_NLDC_PSP_332.pdf
2026-09-07 11:15:06,384 INFO   Deleted: 02.09.26_NLDC_PSP_371.pdf
2026-09-07 11:15:06,384 INFO   Deleted: 03.09.26_NLDC_PSP_424.pdf
2026-09-07 11:15:06,384 INFO   Deleted: 04.09.26_NLDC_PSP_429.pdf
2026-09-07 11:15:06,384 INFO   Deleted: 05.09.26_NLDC_PSP_394.pdf
2026-09-07 11:15:06,401 INFO   Deleted: 06.09.26_NLDC_PSP_973.pdf
2026-09-07 11:15:06,401 INFO   6 file(s) deleted.
